dt64,OBJECT_ID,Name,coverage,date,ice_off_prob,ice_on_prob,lic,sensor,sensor_w,prob,w,outlier,unwanted,lic_w
2017-03-28 10:16:30,IW26001627,Lac de la Gruyère,0.9151738679720592,2017-03-28T10:16:30,0.9979961022317898,1.0,0.0,Landsat-8,1.0,99.59922044635796,91.15060382289522,False,False,0.0
2017-04-05 10:19:10,IW26001627,Lac de la Gruyère,0.3592776573761415,2017-04-05T10:19:10,0.9644068631370286,1.0,0.0,Landsat-7,1.0,92.88137262740572,33.3702019714548,False,False,0.0
2017-04-10 10:30:20,IW26001627,Lac de la Gruyère,0.8186829988918917,2017-04-10T10:30:20,0.9871583410700612,1.0,0.0,Sentinel-2,1.0,97.43166821401223,79.76565032048734,False,False,0.0
2017-04-13 10:16:22,IW26001627,Lac de la Gruyère,0.88075869430344,2017-04-13T10:16:22,0.9972993339344524,1.0,0.0,Landsat-8,1.0,99.45986678689047,87.60014240681573,False,False,0.0
2017-04-20 10:22:05,IW26001627,Lac de la Gruyère,0.8314820909113215,2017-04-20T10:22:05,0.8204424794897236,1.0,0.0,Landsat-8,1.0,64.08849589794472,53.28843657258473,False,False,0.0
2017-04-20 10:22:29,IW26001627,Lac de la Gruyère,0.8077164584956497,2017-04-20T10:22:29,0.8109892309300194,1.0,0.0,Landsat-8,1.0,62.19784618600388,50.2382240474162,False,False,0.0
2017-04-20 10:34:54,IW26001627,Lac de la Gruyère,0.7579292522064697,2017-04-20T10:34:54,0.923914211226028,0.6206095910072327,0.4433410179109771,Sentinel-2,1.0,84.5139074870758,64.05556270272612,False,False,28.398458371487017
2017-04-21 10:19:17,IW26001627,Lac de la Gruyère,0.6330916344619604,2017-04-21T10:19:17,0.943475661505391,1.0,0.0,Landsat-7,1.0,88.69513230107819,56.152146277309406,False,False,0.0
2017-04-29 10:16:12,IW26001627,Lac de la Gruyère,0.769884152446461,2017-04-29T10:16:12,0.9326860775437338,1.0,0.0,Landsat-8,1.0,86.53721550874675,66.62363081702824,False,False,0.0
2017-04-30 10:30:24,IW26001627,Lac de la Gruyère,0.7127743053229983,2017-04-30T10:30:24,0.9886063332798348,1.0,0.0,Sentinel-2,1.0,97.72126665596697,69.65320795599034,False,False,0.0
2017-05-10 10:30:25,IW26001627,Lac de la Gruyère,0.7464575667218069,2017-05-10T10:30:25,0.9936773948013888,1.0,0.0,Sentinel-2,1.0,98.73547896027776,73.70184537380109,False,False,0.0
2017-05-15 10:16:20,IW26001627,Lac de la Gruyère,0.7574076283010748,2017-05-15T10:16:20,0.9971069526766966,1.0,0.0,Landsat-8,1.0,99.42139053533931,75.30251960776627,False,False,0.0
2017-05-22 10:22:12,IW26001627,Lac de la Gruyère,0.7879671195051573,2017-05-22T10:22:12,0.9961201482189512,1.0,0.0,Landsat-8,1.0,99.22402964379025,78.18527282411173,False,False,0.0
2017-05-22 10:22:35,IW26001627,Lac de la Gruyère,0.8518051420784448,2017-05-22T10:22:35,0.9957179151373092,1.0,0.0,Landsat-8,1.0,99.14358302746184,84.45101382687322,False,False,0.0
2017-05-30 10:25:14,IW26001627,Lac de la Gruyère,0.3257363043859285,2017-05-30T10:25:14,0.9657708816230296,1.0,0.0,Landsat-7,1.0,93.15417632460591,30.343697134092285,False,False,0.0
2017-06-08 10:19:29,IW26001627,Lac de la Gruyère,0.756089203240679,2017-06-08T10:19:29,0.965777523815632,1.0,0.0,Landsat-7,1.0,93.1555047631264,70.43387137383552,False,False,0.0
2017-06-15 10:25:18,IW26001627,Lac de la Gruyère,0.4816158700898906,2017-06-15T10:25:18,0.9657708816230296,1.0,0.0,Landsat-7,1.0,93.15417632460591,44.86452968308216,False,False,0.0
2017-06-15 10:25:42,IW26001627,Lac de la Gruyère,0.3810574504153433,2017-06-15T10:25:42,0.9657708816230296,1.0,0.0,Landsat-7,1.0,93.15417632460591,35.49709292579566,False,False,0.0
2017-06-19 10:30:21,IW26001627,Lac de la Gruyère,0.8470131430608344,2017-06-19T10:30:21,0.9943117805056548,1.0,0.0,Sentinel-2,1.0,98.86235610113097,83.7377149716184,False,False,0.0
2017-07-18 10:16:45,IW26001627,Lac de la Gruyère,0.955632909920442,2017-07-18T10:16:45,0.9990319027014436,1.0,0.0,Landsat-8,1.0,99.80638054028871,95.37826186434309,False,False,0.0
2017-07-29 10:30:23,IW26001627,Lac de la Gruyère,0.6884301170126641,2017-07-29T10:30:23,0.9911087848326916,1.0,0.0,Sentinel-2,1.0,98.22175696653832,67.61881564166343,False,False,0.0
2017-08-02 10:25:19,IW26001627,Lac de la Gruyère,0.6170340730342906,2017-08-02T10:25:19,0.9657708816230296,1.0,0.0,Landsat-7,1.0,93.15417632460591,57.479300837726065,False,False,0.0
2017-08-02 10:25:43,IW26001627,Lac de la Gruyère,0.4450857023606981,2017-08-02T10:25:43,0.9657708816230296,1.0,0.0,Landsat-7,1.0,93.15417632460591,41.46159199726954,False,False,0.0
2017-08-18 10:25:17,IW26001627,Lac de la Gruyère,0.6324521839406008,2017-08-18T10:25:17,0.9657708816230296,1.0,0.0,Landsat-7,1.0,93.15417632460591,58.91556225968482,False,False,0.0
2017-08-18 10:25:41,IW26001627,Lac de la Gruyère,0.4645994756480118,2017-08-18T10:25:41,0.9657708816230296,1.0,0.0,Landsat-7,1.0,93.15417632460591,43.279381474834345,False,False,0.0
2017-08-18 10:34:21,IW26001627,Lac de la Gruyère,0.9298316510211928,2017-08-18T10:34:21,0.996796436206246,1.0,0.0,Sentinel-2,1.0,99.3592872412492,92.38741009981969,False,False,0.0
2017-08-19 10:16:58,IW26001627,Lac de la Gruyère,0.3095185319276894,2017-08-19T10:16:58,0.9968864430129984,1.0,0.0,Landsat-8,1.0,99.37728860259969,30.759112475230957,False,False,0.0
2017-09-03 10:25:18,IW26001627,Lac de la Gruyère,0.3757213653702029,2017-09-03T10:25:18,0.965777523815632,1.0,0.0,Landsat-7,1.0,93.1555047631264,35.00051344135229,False,False,0.0
2017-09-20 10:17:03,IW26001627,Lac de la Gruyère,0.8059778960699703,2017-09-20T10:17:03,0.9979600108922072,1.0,0.0,Landsat-8,1.0,99.59200217844145,80.26895238117613,False,False,0.0
2017-09-27 10:22:53,IW26001627,Lac de la Gruyère,0.4105280138881081,2017-09-27T10:22:53,0.99908376514458,1.0,0.0,Landsat-8,1.0,99.816753028916,40.97757337372068,False,False,0.0
2017-10-05 10:25:17,IW26001627,Lac de la Gruyère,0.5784301024655133,2017-10-05T10:25:17,0.965777523815632,1.0,0.0,Landsat-7,1.0,93.1555047631264,53.883948165361815,False,False,0.0
2017-10-05 10:25:41,IW26001627,Lac de la Gruyère,0.4105555354191314,2017-10-05T10:25:41,0.965777523815632,1.0,0.0,Landsat-7,1.0,93.1555047631264,38.24550813526481,False,False,0.0
2017-10-06 10:17:10,IW26001627,Lac de la Gruyère,0.8863009021157757,2017-10-06T10:17:10,0.9906056706201956,1.0,0.0,Landsat-8,1.0,98.12113412403912,86.9648496907589,False,False,0.0
2017-10-07 10:32:41,IW26001627,Lac de la Gruyère,0.93321548416783,2017-10-07T10:32:41,0.986765267477341,1.0,0.0,Sentinel-2,1.0,97.35305349546819,90.85137695299,False,False,0.0
2017-10-13 10:22:58,IW26001627,Lac de la Gruyère,0.9580284954278646,2017-10-13T10:22:58,0.9991515120840352,1.0,0.0,Landsat-8,1.0,99.83030241680704,95.64027442248236,False,False,0.0
2017-10-13 10:23:22,IW26001627,Lac de la Gruyère,0.9310566760980336,2017-10-13T10:23:22,0.9991236547837063,1.0,0.0,Landsat-8,1.0,99.82473095674126,92.942482196964,False,False,0.0
2017-10-14 10:19:32,IW26001627,Lac de la Gruyère,0.7680740933357535,2017-10-14T10:19:32,0.965777523815632,1.0,0.0,Landsat-7,1.0,93.1555047631264,71.55032986017278,False,False,0.0
2017-10-17 10:30:24,IW26001627,Lac de la Gruyère,0.9368915856468688,2017-10-17T10:30:24,0.9866813032766418,1.0,0.0,Sentinel-2,1.0,97.33626065532836,91.19352358630752,False,False,0.0
2017-11-14 10:22:56,IW26001627,Lac de la Gruyère,0.9430217332786548,2017-11-14T10:22:56,0.9886965650100654,1.0,0.0,Landsat-8,1.0,97.73931300201309,92.17029635662334,False,False,0.0
2017-11-14 10:23:20,IW26001627,Lac de la Gruyère,0.91401180032291,2017-11-14T10:23:20,0.9886992363761972,1.0,0.0,Landsat-8,1.0,97.73984727523943,89.33537377132785,False,False,0.0
2017-11-22 10:25:14,IW26001627,Lac de la Gruyère,0.5604655128156587,2017-11-22T10:25:14,0.8718295128779674,1.0,0.0,Landsat-7,1.0,74.36590257559348,41.67952372302931,False,False,0.0
2017-11-22 10:25:38,IW26001627,Lac de la Gruyère,0.3374194777660653,2017-11-22T10:25:38,0.8710378301862275,1.0,0.0,Landsat-7,1.0,74.2075660372455,25.03907817857818,False,False,0.0
2017-12-01 10:19:23,IW26001627,Lac de la Gruyère,0.4035501684371209,2017-12-01T10:19:23,0.7378343428884234,0.8903723823204649,99.77250568735782,Landsat-7,1.0,78.00507339122824,31.47896050598013,False,False,3140.7347661150147
2017-12-21 10:34:28,IW26001627,Lac de la Gruyère,0.7882272118098363,2017-12-21T10:34:28,0.8523896221324289,0.7066615734273045,1.6131742564274911,Sentinel-2,1.0,70.00775495326474,55.18201749187812,False,False,89.0182100356293
2017-12-25 10:17:05,IW26001627,Lac de la Gruyère,0.726845948109107,2017-12-25T10:17:05,0.8949637305865576,0.550941909994659,0.4911770056394397,Landsat-8,1.0,78.65479490188561,57.1699189737884,False,False,28.080549614194776
2018-01-01 10:23:14,IW26001627,Lac de la Gruyère,0.742710405974865,2018-01-01T10:23:14,0.9370253294234406,0.6071743641309787,9.902244750181028,Landsat-8,1.0,80.87253590586928,60.06487397486502,False,False,594.7770829878922
2018-01-30 10:35:17,IW26001627,Lac de la Gruyère,0.381282482181039,2018-01-30T10:35:17,0.8628600548902747,1.0,0.0,Sentinel-2,1.0,72.57201097805495,27.670436482582403,False,False,0.0
2018-02-02 10:22:33,IW26001627,Lac de la Gruyère,0.9554125661384012,2018-02-02T10:22:33,0.7869317633492895,0.5688546837744605,3.261790454673821,Landsat-8,1.0,55.96370919677726,53.4684310143162,False,False,174.40281790888227
2018-02-02 10:22:57,IW26001627,Lac de la Gruyère,0.9087123141716056,2018-02-02T10:22:57,0.7818860370629354,0.5615300292625537,3.509815585960738,Landsat-8,1.0,54.83038951131134,49.825050139754254,False,False,174.87673755178471
2018-02-26 10:24:05,IW26001627,Lac de la Gruyère,0.4978954060302255,2018-02-26T10:24:05,0.7431551203767769,0.6864723316808498,80.92740822522771,Landsat-7,1.0,39.456641715076145,19.64528064731697,True,False,1589.841646644586
2018-02-26 10:24:29,IW26001627,Lac de la Gruyère,0.4101019736433158,2018-02-26T10:24:29,0.7425524885570655,0.6983624422621999,80.31575411488076,Landsat-7,1.0,41.41218392632585,16.983218361066232,True,False,1364.0199899667236
2018-02-27 10:16:37,IW26001627,Lac de la Gruyère,0.6993611099805487,2018-02-27T10:16:37,0.5921811411010576,0.6056457047340577,42.50244379276638,Landsat-8,1.0,19.58078193822294,13.694037390602675,True,False,582.0300544901314
2018-04-07 10:22:28,IW26001627,Lac de la Gruyère,0.386800525784968,2018-04-07T10:22:28,0.96053566048418,1.0,0.0,Landsat-8,1.0,92.10713209683601,35.62708712360167,False,False,0.0
2018-04-08 10:17:45,IW26001627,Lac de la Gruyère,0.3779264508859256,2018-04-08T10:17:45,0.965766644385922,1.0,0.0,Landsat-7,1.0,93.15332887718439,35.2051069707637,False,False,0.0
2018-04-20 10:33:02,IW26001627,Lac de la Gruyère,0.652942681741475,2018-04-20T10:33:02,0.9897808406239812,1.0,0.0,Sentinel-2,1.0,97.95616812479624,63.95976310852324,False,False,0.0
2018-04-24 10:17:29,IW26001627,Lac de la Gruyère,0.600498835906296,2018-04-24T10:17:29,0.965777523815632,1.0,0.0,Landsat-7,1.0,93.1555047631264,55.93977216852082,False,False,0.0
2018-05-05 10:31:25,IW26001627,Lac de la Gruyère,0.6757188457350741,2018-05-05T10:31:25,0.9892715945786402,1.0,0.0,Sentinel-2,1.0,97.85431891572804,66.12200742792758,False,False,0.0
2018-05-09 10:22:10,IW26001627,Lac de la Gruyère,0.3048152533578986,2018-05-09T10:22:10,0.9904275700303612,1.0,0.0,Landsat-8,1.0,98.08551400607224,29.897960802500624,False,False,0.0
2018-05-18 10:15:52,IW26001627,Lac de la Gruyère,0.3108427882715829,2018-05-18T10:15:52,0.9981068404532354,1.0,0.0,Landsat-8,1.0,99.62136809064708,30.966583828726435,False,False,0.0
2018-05-20 10:34:58,IW26001627,Lac de la Gruyère,0.6226581394296723,2018-05-20T10:34:58,0.9945799114106944,1.0,0.0,Sentinel-2,1.0,98.91598228213887,61.59084148765502,False,False,0.0
2018-05-25 10:21:34,IW26001627,Lac de la Gruyère,0.918603190977094,2018-05-25T10:21:34,0.9915793742815576,1.0,0.0,Landsat-8,1.0,98.31587485631152,90.3132763667124,False,False,0.0
2018-05-25 10:21:58,IW26001627,Lac de la Gruyère,0.7577367349117353,2018-05-25T10:21:58,0.9932049697263584,1.0,0.0,Landsat-8,1.0,98.64099394527169,74.74390468053842,False,False,0.0
2018-05-25 10:30:24,IW26001627,Lac de la Gruyère,0.6117030721527335,2018-05-25T10:30:24,0.995922259779078,1.0,0.0,Sentinel-2,1.0,99.1844519558156,60.6714339711576,False,False,0.0
2018-06-02 10:22:37,IW26001627,Lac de la Gruyère,0.5610335569098103,2018-06-02T10:22:37,0.965777523815632,1.0,0.0,Landsat-7,1.0,93.1555047631264,52.263364182985576,False,False,0.0
2018-06-02 10:23:01,IW26001627,Lac de la Gruyère,0.4165174927714291,2018-06-02T10:23:01,0.965777523815632,1.0,0.0,Landsat-7,1.0,93.1555047631264,38.80089728179433,False,False,0.0
2018-06-03 10:15:41,IW26001627,Lac de la Gruyère,0.954491130667452,2018-06-03T10:15:41,0.9991488475722132,1.0,0.0,Landsat-8,1.0,99.82976951444265,95.28662957811149,False,False,0.0
2018-06-14 10:30:21,IW26001627,Lac de la Gruyère,0.5630456164194206,2018-06-14T10:30:21,0.9884809852760772,1.0,0.0,Sentinel-2,1.0,97.69619705521544,55.00741549278696,False,False,0.0
2018-06-18 10:22:44,IW26001627,Lac de la Gruyère,0.3410307007559052,2018-06-18T10:22:44,0.9657739870646708,1.0,0.0,Landsat-7,1.0,93.15479741293416,31.76864584050732,False,False,0.0
2018-06-19 10:15:50,IW26001627,Lac de la Gruyère,0.962871308041174,2018-06-19T10:15:50,0.9991211756380948,1.0,0.0,Landsat-8,1.0,99.82423512761895,96.11789185154016,False,False,0.0
2018-06-19 10:35:59,IW26001627,Lac de la Gruyère,0.3951765129990288,2018-06-19T10:35:59,0.9949404947480897,1.0,0.0,Sentinel-2,1.0,98.98809894961794,39.11777177131284,False,False,0.0
2018-06-26 10:21:41,IW26001627,Lac de la Gruyère,0.9629657595848798,2018-06-26T10:21:41,0.9818604079816218,1.0,0.0,Landsat-8,1.0,96.37208159632435,92.80301475718049,False,False,0.0
2018-06-26 10:22:05,IW26001627,Lac de la Gruyère,0.9575100842759686,2018-06-26T10:22:05,0.981673375567153,1.0,0.0,Landsat-8,1.0,96.33467511343059,92.24142288655898,False,False,0.0
2018-06-27 10:16:22,IW26001627,Lac de la Gruyère,0.7271117977638393,2018-06-27T10:16:22,0.9657726652321303,1.0,0.0,Landsat-7,1.0,93.15453304642607,67.73375999323784,False,False,0.0
2018-06-29 10:30:21,IW26001627,Lac de la Gruyère,0.381765466384689,2018-06-29T10:30:21,0.9936574209367848,1.0,0.0,Sentinel-2,1.0,98.73148418735695,37.692271107638874,False,False,0.0
2018-07-04 10:22:01,IW26001627,Lac de la Gruyère,0.6137425186582469,2018-07-04T10:22:01,0.9657708816230296,1.0,0.0,Landsat-7,1.0,93.15417632460591,57.17267880099807,False,False,0.0
2018-07-04 10:22:25,IW26001627,Lac de la Gruyère,0.4761401111604667,2018-07-04T10:22:25,0.9657708816230296,1.0,0.0,Landsat-7,1.0,93.15417632460591,44.354439870259576,False,False,0.0
2018-07-04 10:30:23,IW26001627,Lac de la Gruyère,0.8627677890574522,2018-07-04T10:30:23,0.99612040720815,1.0,0.0,Sentinel-2,1.0,99.22408144162999,85.60734136665168,False,False,0.0
2018-07-09 10:34:18,IW26001627,Lac de la Gruyère,0.4322912709646065,2018-07-09T10:34:18,0.9920874723231178,1.0,0.0,Sentinel-2,1.0,98.41749446462356,42.54502376726425,False,False,0.0
2018-07-12 10:21:50,IW26001627,Lac de la Gruyère,0.5117449228174034,2018-07-12T10:21:50,0.9943118558067756,1.0,0.0,Landsat-8,1.0,98.86237116135513,50.59231649951316,False,False,0.0
2018-07-12 10:22:14,IW26001627,Lac de la Gruyère,0.5325292875069955,2018-07-12T10:22:14,0.9940642946039876,1.0,0.0,Landsat-8,1.0,98.81285892079752,52.62074135762157,False,False,0.0
2018-07-13 10:16:03,IW26001627,Lac de la Gruyère,0.7287121039609802,2018-07-13T10:16:03,0.9657708816230296,1.0,0.0,Landsat-7,1.0,93.15417632460591,67.8825758222557,False,False,0.0
2018-07-19 10:30:20,IW26001627,Lac de la Gruyère,0.8339177453103576,2018-07-19T10:30:20,0.9767280742968604,1.0,0.0,Sentinel-2,1.0,95.34561485937208,79.51040016875729,False,False,0.0
2018-07-24 10:35:51,IW26001627,Lac de la Gruyère,0.9012603136342444,2018-07-24T10:35:51,0.969998674831324,1.0,0.0,Sentinel-2,1.0,93.9997349662648,84.71823061723167,False,False,0.0
2018-07-29 10:15:47,IW26001627,Lac de la Gruyère,0.7461908089489402,2018-07-29T10:15:47,0.9657708816230296,1.0,0.0,Landsat-7,1.0,93.15417632460591,69.5107901886299,False,False,0.0
2018-07-29 10:30:19,IW26001627,Lac de la Gruyère,0.9444812865138438,2018-07-29T10:30:19,0.9941647692512982,1.0,0.0,Sentinel-2,1.0,98.83295385025963,93.34587540245656,False,False,0.0
2018-08-03 10:32:39,IW26001627,Lac de la Gruyère,0.92296455996827,2018-08-03T10:32:39,0.9889127210316876,1.0,0.0,Sentinel-2,1.0,97.78254420633752,90.24982288598022,False,False,0.0
2018-08-05 10:21:26,IW26001627,Lac de la Gruyère,0.4885776940446296,2018-08-05T10:21:26,0.9657708816230296,1.0,0.0,Landsat-7,1.0,93.15417632460591,45.51305265930279,False,False,0.0
2018-08-05 10:21:50,IW26001627,Lac de la Gruyère,0.3314052125492071,2018-08-05T10:21:50,0.9657708816230296,1.0,0.0,Landsat-7,1.0,93.15417632460591,30.871779604702336,False,False,0.0
2018-08-21 10:21:08,IW26001627,Lac de la Gruyère,0.6368028088001654,2018-08-21T10:21:08,0.9657708816230296,1.0,0.0,Landsat-7,1.0,93.15417632460591,59.32084113497491,False,False,0.0
2018-08-21 10:21:32,IW26001627,Lac de la Gruyère,0.4811694655801275,2018-08-21T10:21:32,0.9657708816230296,1.0,0.0,Landsat-7,1.0,93.15417632460591,44.82294523866759,False,False,0.0
2018-08-22 10:16:23,IW26001627,Lac de la Gruyère,0.9625670900972793,2018-08-22T10:16:23,0.9974414045993134,1.0,0.0,Landsat-8,1.0,99.48828091986269,95.7641450638129,False,False,0.0
2018-08-23 10:35:35,IW26001627,Lac de la Gruyère,0.4477946420763669,2018-08-23T10:35:35,0.971575514315996,1.0,0.0,Sentinel-2,1.0,94.3151028631992,42.23379772902201,False,False,0.0
2018-08-28 10:30:13,IW26001627,Lac de la Gruyère,0.6685211278654358,2018-08-28T10:30:13,0.9734275703008756,1.0,0.0,Sentinel-2,1.0,94.68551406017511,63.299266652026844,False,False,0.0
2018-09-07 10:37:37,IW26001627,Lac de la Gruyère,0.3589653671177487,2018-09-07T10:37:37,0.9628478945161346,1.0,0.0,Sentinel-2,1.0,92.56957890322693,33.229272874932256,False,False,0.0
2018-09-12 10:33:08,IW26001627,Lac de la Gruyère,0.7569645894369101,2018-09-12T10:33:08,0.9963732418463668,1.0,0.0,Sentinel-2,1.0,99.27464836927335,75.14739344434062,False,False,0.0
2018-09-15 10:14:49,IW26001627,Lac de la Gruyère,0.714965346515351,2018-09-15T10:14:49,0.965777523815632,1.0,0.0,Landsat-7,1.0,93.1555047631264,66.6029577427811,False,False,0.0
2018-09-17 10:31:54,IW26001627,Lac de la Gruyère,0.9420665235777336,2018-09-17T10:31:54,0.9820780960968102,1.0,0.0,Sentinel-2,1.0,96.41561921936204,90.82992721657891,False,False,0.0
2018-09-22 10:30:17,IW26001627,Lac de la Gruyère,0.8606221276464886,2018-09-22T10:30:17,0.997592335769625,1.0,0.0,Sentinel-2,1.0,99.518467153925,85.64779494212813,False,False,0.0
2018-09-27 10:30:16,IW26001627,Lac de la Gruyère,0.9500164272550994,2018-09-27T10:30:16,0.9945194505952688,1.0,0.0,Sentinel-2,1.0,98.90389011905376,93.96032033253438,False,False,0.0
2018-09-30 10:22:25,IW26001627,Lac de la Gruyère,0.9630856996260184,2018-09-30T10:22:25,0.9992443189415008,1.0,0.0,Landsat-8,1.0,99.84886378830015,96.16301283841807,False,False,0.0
2018-09-30 10:22:49,IW26001627,Lac de la Gruyère,0.9528283449521304,2018-09-30T10:22:49,0.9992313900649404,1.0,0.0,Landsat-8,1.0,99.8462780129881,95.13636382874573,False,False,0.0
2018-10-09 10:16:42,IW26001627,Lac de la Gruyère,0.9621883974583154,2018-10-09T10:16:42,0.9992743778995532,1.0,0.0,Landsat-8,1.0,99.85487557991064,96.07920271263369,False,False,0.0
2018-10-12 10:37:03,IW26001627,Lac de la Gruyère,0.9312460814049606,2018-10-12T10:37:03,0.989011181581332,1.0,0.0,Sentinel-2,1.0,97.80223631626642,91.07794932216503,False,False,0.0
2018-10-16 10:22:32,IW26001627,Lac de la Gruyère,0.9264901474806924,2018-10-16T10:22:32,0.998409660980056,1.0,0.0,Landsat-8,1.0,99.6819321960112,92.3543280614428,False,False,0.0
2018-10-16 10:22:55,IW26001627,Lac de la Gruyère,0.9259254173520028,2018-10-16T10:22:55,0.9982019599355336,1.0,0.0,Landsat-8,1.0,99.64039198710672,92.25957153577896,False,False,0.0
2018-10-17 10:14:02,IW26001627,Lac de la Gruyère,0.5424685401849616,2018-10-17T10:14:02,0.965777523815632,1.0,0.0,Landsat-7,1.0,93.1555047631264,50.533930679046414,False,False,0.0
2018-10-17 10:32:02,IW26001627,Lac de la Gruyère,0.3557936473215328,2018-10-17T10:32:02,0.9830289832616222,1.0,0.0,Sentinel-2,1.0,96.60579665232444,34.37172874333284,False,False,0.0
2018-10-22 10:30:53,IW26001627,Lac de la Gruyère,0.95512960953241,2018-10-22T10:30:53,0.9779914534443468,1.0,0.0,Sentinel-2,1.0,95.59829068886935,91.30875805762561,False,False,0.0
2018-10-25 10:16:47,IW26001627,Lac de la Gruyère,0.9637550868120262,2018-10-25T10:16:47,0.9992244375523638,1.0,0.0,Landsat-8,1.0,99.84488751047276,96.22601823039265,False,False,0.0
2018-11-01 10:22:36,IW26001627,Lac de la Gruyère,0.8607296868959708,2018-11-01T10:22:36,0.9988857670465592,1.0,0.0,Landsat-8,1.0,99.77715340931184,85.88115801336822,False,False,0.0
2018-11-01 10:23:00,IW26001627,Lac de la Gruyère,0.8575736227804147,2018-11-01T10:23:00,0.9988513469904718,1.0,0.0,Landsat-8,1.0,99.77026939809437,85.56035137350173,False,False,0.0
2018-11-01 10:31:52,IW26001627,Lac de la Gruyère,0.6354193968578681,2018-11-01T10:31:52,0.9941924815406188,1.0,0.0,Sentinel-2,1.0,98.83849630812375,62.80389771044661,False,False,0.0
2018-11-06 10:38:02,IW26001627,Lac de la Gruyère,0.5321403333062338,2018-11-06T10:38:02,0.987866991008214,1.0,0.0,Sentinel-2,1.0,97.57339820164279,51.92274064084407,False,False,0.0
2018-11-11 10:37:59,IW26001627,Lac de la Gruyère,0.6316937025241088,2018-11-11T10:37:59,0.9810907051637792,1.0,0.0,Sentinel-2,1.0,96.21814103275584,60.780393758968415,False,False,0.0
2018-11-25 10:18:56,IW26001627,Lac de la Gruyère,0.6173462163150945,2018-11-25T10:18:56,0.9120932206650486,1.0,0.0,Landsat-7,1.0,82.41864413300972,50.88083810933381,False,False,0.0
2018-11-25 10:19:20,IW26001627,Lac de la Gruyère,0.4678759608030892,2018-11-25T10:19:20,0.9066218331616956,1.0,0.0,Landsat-7,1.0,81.32436663233914,38.04971617480836,False,False,0.0
2018-12-12 10:16:46,IW26001627,Lac de la Gruyère,0.9596404801250809,2018-12-12T10:16:46,0.977116865146252,1.0,0.0,Landsat-8,1.0,95.42337302925039,91.57213150894454,False,False,0.0
2018-12-26 10:38:00,IW26001627,Lac de la Gruyère,0.3792333547823667,2018-12-26T10:38:00,0.68186451319827,0.5571177435367325,45.028612303290416,Sentinel-2,1.0,25.13855478529951,9.533378465609452,True,False,429.2748028684657
2018-12-27 10:18:03,IW26001627,Lac de la Gruyère,0.5421385230250239,2018-12-27T10:18:03,0.7848576709771795,0.7953427172494691,50.71662056826754,Landsat-7,1.0,58.03506642230079,31.463045193845304,False,False,1595.6993250185058
2018-12-27 10:18:27,IW26001627,Lac de la Gruyère,0.4544866679053361,2018-12-27T10:18:27,0.7636223211499247,0.8085475640823943,65.42951212211912,Landsat-7,1.0,58.60333768406326,26.63443567216113,False,False,1742.6781316774684
2018-12-31 10:37:58,IW26001627,Lac de la Gruyère,0.9552146448389174,2018-12-31T10:37:58,0.8624262361881833,0.5498985470766219,0.4231908590774439,Sentinel-2,1.0,72.22072951515544,68.98629849382672,False,False,29.194370924175505
2019-01-04 10:22:33,IW26001627,Lac de la Gruyère,0.9394304699910044,2019-01-04T10:22:33,0.8093008547817475,0.5796171127875439,8.78534333525678,Landsat-8,1.0,57.82446989245828,54.32206892805277,False,False,477.2380262144278
2019-01-04 10:22:57,IW26001627,Lac de la Gruyère,0.9476434502321488,2019-01-04T10:22:57,0.8277114415893304,0.5780862400923963,10.105473204104904,Landsat-8,1.0,60.497126748272976,57.32970592086502,False,False,579.3438069825156
2019-01-15 10:38:03,IW26001627,Lac de la Gruyère,0.7691711945600378,2019-01-15T10:38:03,0.936554050938867,0.7008370161056519,0.0,Sentinel-2,1.0,87.3108101877734,67.15696017013438,False,False,0.0
2019-01-25 10:38:04,IW26001627,Lac de la Gruyère,0.8532781547467199,2019-01-25T10:38:04,0.8181059465247058,0.7170586452254821,10.84070796460177,Sentinel-2,1.0,61.43034073694915,52.41716778948622,False,False,568.2392083373506
2019-01-29 10:16:41,IW26001627,Lac de la Gruyère,0.9356197420609654,2019-01-29T10:16:41,0.7376471129842631,0.808735363261594,23.972800925925927,Landsat-8,1.0,50.937791540994326,47.65840338274034,False,False,1142.505416741909
2019-02-05 10:22:27,IW26001627,Lac de la Gruyère,0.9377581712885504,2019-02-05T10:22:27,0.6700397618966538,0.865818813499309,58.25032481593764,Landsat-8,1.0,56.81633907535253,53.2799862306128,False,False,3103.5765041218806
2019-02-05 10:22:51,IW26001627,Lac de la Gruyère,0.9180520247240064,2019-02-05T10:22:51,0.6902001965482674,0.8802161877395288,54.11592076302274,Landsat-8,1.0,58.60581995568054,53.8031916709231,False,False,2911.6092572613998
2019-02-06 10:10:59,IW26001627,Lac de la Gruyère,0.7666287392766908,2019-02-06T10:10:59,1.0,0.8684669746243584,100.0,Landsat-7,1.0,73.69339492487168,56.49547444427367,False,False,5649.547444427367
2019-02-13 10:16:34,IW26001627,Lac de la Gruyère,0.4301906208258359,2019-02-13T10:16:34,0.756545523103636,0.8386450308570972,67.80843640976848,Landsat-7,1.0,62.44318312227494,26.862471713712814,False,False,1821.5022050084997
2019-02-13 10:16:58,IW26001627,Lac de la Gruyère,0.4283135023362103,2019-02-13T10:16:58,0.7589151926880294,0.8534631345143014,68.39263024142312,Landsat-7,1.0,64.71580338842949,27.718652405799823,False,False,1895.7515447804008
2019-02-14 10:16:39,IW26001627,Lac de la Gruyère,0.7568268411222115,2019-02-14T10:16:39,0.917918002074748,0.961305583254197,38.473967684021545,Landsat-8,1.0,86.92218520732158,65.78504285389701,False,False,2531.011612852806
2019-02-14 10:38:04,IW26001627,Lac de la Gruyère,0.938343882284436,2019-02-14T10:38:04,0.8836251568768981,0.9568035436690248,33.352576129311586,Sentinel-2,1.0,81.60640680838885,76.57487258386662,False,False,2553.969267445746
2019-02-21 10:22:48,IW26001627,Lac de la Gruyère,0.391121264144845,2019-02-21T10:22:48,0.9254647610869726,0.9483505530581704,42.63268156424581,Landsat-8,1.0,87.04431758030182,34.044883528633,False,False,1451.4246783680478
2019-02-22 10:10:31,IW26001627,Lac de la Gruyère,0.6965497279155218,2019-02-22T10:10:31,0.8539209191314662,0.8514284878118061,22.75039123630673,Landsat-7,1.0,70.67077625098946,49.22570996920543,False,False,1119.904160684388
2019-02-24 10:38:03,IW26001627,Lac de la Gruyère,0.9370583258018226,2019-02-24T10:38:03,0.9303798509794212,0.9444878604427616,21.721489639182728,Sentinel-2,1.0,86.68886415865911,81.23252191417474,False,False,1764.4913831234305
2019-03-16 10:38:02,IW26001627,Lac de la Gruyère,0.9120146847871744,2019-03-16T10:38:02,0.976367094603832,0.6521290373851805,0.104555638536221,Sentinel-2,1.0,95.2056170865459,86.82892085715459,False,False,9.078453263630795
2019-03-21 10:38:02,IW26001627,Lac de la Gruyère,0.904317484359523,2019-03-21T10:38:02,0.9317887723775354,0.5961328148841858,0.3618272274988693,Sentinel-2,1.0,86.1148555465205,77.87516953381314,False,False,28.177356683424023
2019-03-26 10:09:28,IW26001627,Lac de la Gruyère,0.4254115210184543,2019-03-26T10:09:28,0.872841114629541,1.0,0.0,Landsat-7,1.0,74.56822292590819,31.72218113455378,False,False,0.0
2019-03-26 10:38:05,IW26001627,Lac de la Gruyère,0.7485110601797946,2019-03-26T10:38:05,0.8052480138461288,0.6855417854645673,1.5579178885630498,Sentinel-2,1.0,60.67661782008965,45.417119532639525,False,False,70.75614296690541
2019-04-10 10:22:11,IW26001627,Lac de la Gruyère,0.4192993807282876,2019-04-10T10:22:11,0.9925384737087156,1.0,0.0,Landsat-8,1.0,98.50769474174312,41.304215402184084,False,False,0.0
2019-04-10 10:22:34,IW26001627,Lac de la Gruyère,0.5186645549224209,2019-04-10T10:22:34,0.9920193823590155,1.0,0.0,Landsat-8,1.0,98.4038764718031,51.038602792888646,False,False,0.0
2019-04-15 10:38:09,IW26001627,Lac de la Gruyère,0.8438768084167569,2019-04-15T10:38:09,0.9796133798479582,0.7332634329795837,0.0162680982593134,Sentinel-2,1.0,95.91466067930797,80.94015773443063,False,False,1.316742439148043
2019-04-18 10:14:27,IW26001627,Lac de la Gruyère,0.5030529427106104,2019-04-18T10:14:27,0.965777523815632,1.0,0.0,Landsat-7,1.0,93.1555047631264,46.86215080078302,False,False,0.0
2019-04-18 10:14:50,IW26001627,Lac de la Gruyère,0.3946289671810269,2019-04-18T10:14:50,0.965777523815632,1.0,0.0,Landsat-7,1.0,93.1555047631264,36.76186063189981,False,False,0.0
2019-04-20 10:38:07,IW26001627,Lac de la Gruyère,0.8654424425324464,2019-04-20T10:38:07,0.9905457307495767,1.0,0.0,Sentinel-2,1.0,98.10914614991535,84.9078190787555,False,False,0.0
2019-04-30 10:38:08,IW26001627,Lac de la Gruyère,0.8563966447002541,2019-04-30T10:38:08,0.9816249465473268,1.0,0.0,Sentinel-2,1.0,96.32498930946537,82.49239764541399,False,False,0.0
2019-05-13 10:07:43,IW26001627,Lac de la Gruyère,0.3160752242137971,2019-05-13T10:07:43,0.9641037900502328,1.0,0.0,Landsat-7,1.0,92.82075801004656,29.338341899720067,False,False,0.0
2019-05-30 10:38:07,IW26001627,Lac de la Gruyère,0.8614072866264676,2019-05-30T10:38:07,0.9936760156891172,1.0,0.0,Sentinel-2,1.0,98.73520313782345,85.05122342946558,False,False,0.0
2019-06-05 10:12:39,IW26001627,Lac de la Gruyère,0.4215586372015631,2019-06-05T10:12:39,0.9657708816230296,1.0,0.0,Landsat-7,1.0,93.15417632460591,39.26994762103499,False,False,0.0
2019-06-05 10:13:03,IW26001627,Lac de la Gruyère,0.3625794183771215,2019-06-05T10:13:03,0.9657708816230296,1.0,0.0,Landsat-7,1.0,93.15417632460591,33.77578707117543,False,False,0.0
2019-06-13 10:22:30,IW26001627,Lac de la Gruyère,0.9204648843054264,2019-06-13T10:22:30,0.9978244803325558,1.0,0.0,Landsat-8,1.0,99.56489606651115,91.64599053874299,False,False,0.0
2019-06-13 10:22:54,IW26001627,Lac de la Gruyère,0.9029517497969628,2019-06-13T10:22:54,0.9979390466235128,1.0,0.0,Landsat-8,1.0,99.58780932470258,89.92298668818648,False,False,0.0
2019-06-19 10:38:08,IW26001627,Lac de la Gruyère,0.9354947199399996,2019-06-19T10:38:08,0.9944420540956294,1.0,0.0,Sentinel-2,1.0,98.88841081912587,92.50958618454978,False,False,0.0
2019-06-24 10:38:12,IW26001627,Lac de la Gruyère,0.8329027237317064,2019-06-24T10:38:12,0.9958036866644444,1.0,0.0,Sentinel-2,1.0,99.16073733288889,82.59124821180745,False,False,0.0
2019-06-29 10:22:35,IW26001627,Lac de la Gruyère,0.9577029346654452,2019-06-29T10:22:35,0.993864965840628,1.0,0.0,Landsat-8,1.0,98.7729931681256,94.59518542280385,False,False,0.0
2019-06-29 10:22:59,IW26001627,Lac de la Gruyère,0.9439236335409638,2019-06-29T10:22:59,0.9938728619658485,1.0,0.0,Landsat-8,1.0,98.77457239316969,93.2356532748157,False,False,0.0
2019-06-29 10:38:09,IW26001627,Lac de la Gruyère,0.9463537729420992,2019-06-29T10:38:09,0.9960856882220744,1.0,0.0,Sentinel-2,1.0,99.21713764441489,93.89451255030761,False,False,0.0
2019-06-30 10:05:57,IW26001627,Lac de la Gruyère,0.674017074999668,2019-06-30T10:05:57,0.9657708816230296,1.0,0.0,Landsat-7,1.0,93.15417632460591,62.7875054503142,False,False,0.0
2019-07-04 10:38:13,IW26001627,Lac de la Gruyère,0.8014584612842797,2019-07-04T10:38:13,0.9840016552832406,1.0,0.0,Sentinel-2,1.0,96.80033105664812,77.58144438047007,False,False,0.0
2019-07-09 10:38:09,IW26001627,Lac de la Gruyère,0.3480701035187236,2019-07-09T10:38:09,0.97156942919836,1.0,0.0,Sentinel-2,1.0,94.313885839672,32.82784400746771,False,False,0.0
2019-07-14 10:38:13,IW26001627,Lac de la Gruyère,0.8171459892496002,2019-07-14T10:38:13,0.9697681424071494,1.0,0.0,Sentinel-2,1.0,93.95362848142987,76.77383068904743,False,False,0.0
2019-07-16 10:05:20,IW26001627,Lac de la Gruyère,0.7771513015194661,2019-07-16T10:05:20,0.9657708816230296,1.0,0.0,Landsat-7,1.0,93.15417632460591,72.39488937264132,False,False,0.0
2019-07-19 10:38:09,IW26001627,Lac de la Gruyère,0.6311673915518768,2019-07-19T10:38:09,0.9979706195491592,1.0,0.0,Sentinel-2,1.0,99.59412390983185,62.86056340206298,False,False,0.0
2019-07-23 10:10:50,IW26001627,Lac de la Gruyère,0.6157668623351967,2019-07-23T10:10:50,0.9657708816230296,1.0,0.0,Landsat-7,1.0,93.15417632460591,57.36125486882225,False,False,0.0
2019-07-23 10:11:14,IW26001627,Lac de la Gruyère,0.428364211976031,2019-07-23T10:11:14,0.9657708816230296,1.0,0.0,Landsat-7,1.0,93.15417632460591,39.903915333566054,False,False,0.0
2019-07-24 10:16:54,IW26001627,Lac de la Gruyère,0.9526711355105698,2019-07-24T10:16:54,0.999115036434738,1.0,0.0,Landsat-8,1.0,99.8230072869476,95.09849770213626,False,False,0.0
2019-07-24 10:38:08,IW26001627,Lac de la Gruyère,0.9418157638864548,2019-07-24T10:38:08,0.9942161855706492,1.0,0.0,Sentinel-2,1.0,98.84323711412983,93.09211886765418,False,False,0.0
2019-07-24 10:38:15,IW26001627,Lac de la Gruyère,0.7407207473430282,2019-07-24T10:38:15,0.9887389886557852,1.0,0.0,Sentinel-2,1.0,97.74779773115705,72.4038217865578,False,False,0.0
2019-07-31 10:22:44,IW26001627,Lac de la Gruyère,0.3619339066337465,2019-07-31T10:22:44,0.9959164427614626,1.0,0.0,Landsat-8,1.0,99.18328855229252,35.897795098513384,False,False,0.0
2019-07-31 10:23:08,IW26001627,Lac de la Gruyère,0.3648207149462772,2019-07-31T10:23:08,0.9954490788660156,1.0,0.0,Landsat-8,1.0,99.08981577320313,36.150017434274865,False,False,0.0
2019-08-01 10:04:41,IW26001627,Lac de la Gruyère,0.7782696141019827,2019-08-01T10:04:41,0.9657708816230296,1.0,0.0,Landsat-7,1.0,93.15417632460591,72.4990648601391,False,False,0.0
2019-08-08 10:10:11,IW26001627,Lac de la Gruyère,0.5980065821452466,2019-08-08T10:10:11,0.9657708816230296,1.0,0.0,Landsat-7,1.0,93.15417632460591,55.70681059643323,False,False,0.0
2019-08-08 10:10:35,IW26001627,Lac de la Gruyère,0.4374132486464077,2019-08-08T10:10:35,0.9657708816230296,1.0,0.0,Landsat-7,1.0,93.15417632460591,40.74687089112615,False,False,0.0
2019-08-08 10:38:08,IW26001627,Lac de la Gruyère,0.9515213535718228,2019-08-08T10:38:08,0.9927350892797892,1.0,0.0,Sentinel-2,1.0,98.54701785595783,93.76959182076759,False,False,0.0
2019-08-09 10:17:00,IW26001627,Lac de la Gruyère,0.9558709855021748,2019-08-09T10:17:00,0.9941990970269275,1.0,0.0,Landsat-8,1.0,98.83981940538551,94.47811558188283,False,False,0.0
2019-08-16 10:22:49,IW26001627,Lac de la Gruyère,0.5609836718357739,2019-08-16T10:22:49,0.94960911353411,1.0,0.0,Landsat-8,1.0,89.92182270682201,50.44467428023848,False,False,0.0
2019-08-16 10:23:13,IW26001627,Lac de la Gruyère,0.5850368967891084,2019-08-16T10:23:13,0.9315063340756986,1.0,0.0,Landsat-8,1.0,86.30126681513973,50.48942532649821,False,False,0.0
2019-08-18 10:38:07,IW26001627,Lac de la Gruyère,0.9507030240536396,2019-08-18T10:38:07,0.9944783547407704,1.0,0.0,Sentinel-2,1.0,98.89567094815408,94.02041343622375,False,False,0.0
2019-08-24 10:09:30,IW26001627,Lac de la Gruyère,0.5566189977152154,2019-08-24T10:09:30,0.9657708816230296,1.0,0.0,Landsat-7,1.0,93.15417632460591,51.85138425878859,False,False,0.0
2019-08-24 10:09:54,IW26001627,Lac de la Gruyère,0.4158174356566432,2019-08-24T10:09:54,0.9657708816230296,1.0,0.0,Landsat-7,1.0,93.15417632460591,38.73513072000441,False,False,0.0
2019-08-25 10:17:05,IW26001627,Lac de la Gruyère,0.9549450745487148,2019-08-25T10:17:05,0.994365077247647,1.0,0.0,Landsat-8,1.0,98.8730154495294,94.41829910930709,False,False,0.0
2019-09-09 10:08:49,IW26001627,Lac de la Gruyère,0.5785789451623905,2019-09-09T10:08:49,0.965777523815632,1.0,0.0,Landsat-7,1.0,93.1555047631264,53.897813681919715,False,False,0.0
2019-09-09 10:09:13,IW26001627,Lac de la Gruyère,0.4644093879112567,2019-09-09T10:09:13,0.965777523815632,1.0,0.0,Landsat-7,1.0,93.1555047631264,43.26229094760769,False,False,0.0
2019-09-12 10:38:04,IW26001627,Lac de la Gruyère,0.9510279523957648,2019-09-12T10:38:04,0.9751328283255216,1.0,0.0,Sentinel-2,1.0,95.02656566510433,90.37292016768585,False,False,0.0
2019-09-17 10:22:58,IW26001627,Lac de la Gruyère,0.9133698153075502,2019-09-17T10:22:58,0.998762324048776,1.0,0.0,Landsat-8,1.0,99.7524648097552,91.11089035975901,False,False,0.0
2019-09-17 10:23:22,IW26001627,Lac de la Gruyère,0.8656941954953552,2019-09-17T10:23:22,0.998729221696222,1.0,0.0,Landsat-8,1.0,99.7458443392444,86.34939846926711,False,False,0.0
2019-09-17 10:38:03,IW26001627,Lac de la Gruyère,0.9448735634239572,2019-09-17T10:38:03,0.99304923860187,1.0,0.0,Sentinel-2,1.0,98.609847720374,93.17383820424357,False,False,0.0
2019-09-22 10:38:03,IW26001627,Lac de la Gruyère,0.3074959330790979,2019-09-22T10:38:03,0.9857023066900058,1.0,0.0,Sentinel-2,1.0,97.14046133800116,29.8702967988627,False,False,0.0
2019-09-25 10:08:30,IW26001627,Lac de la Gruyère,0.4906194170119803,2019-09-25T10:08:30,0.965777523815632,1.0,0.0,Landsat-7,1.0,93.1555047631264,45.70389943834183,False,False,0.0
2019-09-27 10:38:05,IW26001627,Lac de la Gruyère,0.7830655208496019,2019-09-27T10:38:05,0.9830831106919518,1.0,0.0,Sentinel-2,1.0,96.61662213839035,75.65714553752782,False,False,0.0
2019-10-03 10:23:03,IW26001627,Lac de la Gruyère,0.951580563572963,2019-10-03T10:23:03,0.9989981313090872,1.0,0.0,Landsat-8,1.0,99.79962626181744,94.96738460259131,False,False,0.0
2019-10-03 10:23:26,IW26001627,Lac de la Gruyère,0.935064109191994,2019-10-03T10:23:26,0.9989947970217132,1.0,0.0,Landsat-8,1.0,99.79895940434264,93.31842507370962,False,False,0.0
2019-10-07 10:38:06,IW26001627,Lac de la Gruyère,0.4235689556978025,2019-10-07T10:38:06,0.995024124069587,1.0,0.0,Sentinel-2,1.0,99.0048248139174,41.93537025547487,False,False,0.0
2019-10-11 10:07:27,IW26001627,Lac de la Gruyère,0.5824026176759513,2019-10-11T10:07:27,0.965777523815632,1.0,0.0,Landsat-7,1.0,93.1555047631264,54.25400982496936,False,False,0.0
2019-10-11 10:07:51,IW26001627,Lac de la Gruyère,0.4787633705543371,2019-10-11T10:07:51,0.965777523815632,1.0,0.0,Landsat-7,1.0,93.1555047631264,44.599443446085,False,False,0.0
2019-10-17 10:38:07,IW26001627,Lac de la Gruyère,0.7131250131455976,2019-10-17T10:38:07,0.9858344269372328,1.0,0.0,Sentinel-2,1.0,97.16688538744656,69.2921364192396,False,False,0.0
2019-10-27 10:38:07,IW26001627,Lac de la Gruyère,0.5412223970250272,2019-10-27T10:38:07,0.9948637967011232,1.0,0.0,Sentinel-2,1.0,98.97275934022464,53.56627405029753,False,False,0.0
2019-11-05 10:00:35,IW26001627,Lac de la Gruyère,0.7050056294782197,2019-11-05T10:00:35,0.9646673364079342,1.0,0.0,Landsat-7,1.0,92.93346728158684,65.51861760044866,False,False,0.0
2019-11-12 10:06:02,IW26001627,Lac de la Gruyère,0.575102082626043,2019-11-12T10:06:02,0.8728306780676272,1.0,0.0,Landsat-7,1.0,74.56613561352543,42.88313988471443,False,False,0.0
2019-11-12 10:06:26,IW26001627,Lac de la Gruyère,0.4434646206155387,2019-11-12T10:06:26,0.8728299373245211,1.0,0.0,Landsat-7,1.0,74.56598746490421,33.06737734194676,False,False,0.0
2019-11-16 10:38:06,IW26001627,Lac de la Gruyère,0.8137883512718267,2019-11-16T10:38:06,0.710101485280944,0.7123957494914986,58.65753882117215,Sentinel-2,1.0,42.28944884018207,34.41466084784603,True,False,2018.679304700002
2019-12-06 10:23:00,IW26001627,Lac de la Gruyère,0.9447798435852736,2019-12-06T10:23:00,0.9798389676255458,1.0,0.0,Landsat-8,1.0,95.96779352510916,90.66843695587646,False,False,0.0
2019-12-06 10:23:24,IW26001627,Lac de la Gruyère,0.9409498577992028,2019-12-06T10:23:24,0.9780749274251286,1.0,0.0,Landsat-8,1.0,95.61498548502571,89.96890699560778,False,False,0.0
2019-12-06 10:38:02,IW26001627,Lac de la Gruyère,0.9557942187277086,2019-12-06T10:38:02,0.8668270366581659,0.5341808970714154,0.1412030499858797,Sentinel-2,1.0,73.27146603268181,70.03244363174096,False,False,9.888794638766022
2019-12-21 10:37:59,IW26001627,Lac de la Gruyère,0.6355331457345224,2019-12-21T10:37:59,0.7558688165317278,0.5846045210089549,9.832591650773468,Sentinel-2,1.0,47.80581954187993,30.38218287786785,True,False,298.73559769719606
2019-12-31 10:17:07,IW26001627,Lac de la Gruyère,0.9410196866264804,2019-12-31T10:17:07,0.9685724888521527,0.5076844488136499,0.0144320969836917,Landsat-8,1.0,93.70119460864564,88.17466878715457,False,False,1.2725453714411081
2019-12-31 10:37:59,IW26001627,Lac de la Gruyère,0.9478679407765808,2019-12-31T10:37:59,0.857825322337348,0.5560609839112627,1.311101610374804,Sentinel-2,1.0,70.77377704734134,67.08419431084427,False,False,87.95419519164419
2020-01-05 10:37:58,IW26001627,Lac de la Gruyère,0.9558889822057636,2020-01-05T10:37:58,0.8198924362124002,0.5456948066185159,0.8062312107133096,Sentinel-2,1.0,63.536353868715636,60.733700632631816,False,False,48.965404992146446
2020-01-08 09:57:24,IW26001627,Lac de la Gruyère,0.582827934819516,2020-01-08T09:57:24,0.6679260721568301,0.8738226456567049,85.4090909090909,Landsat-7,1.0,68.75609275920827,40.07297154910844,False,False,3422.596070035216
2020-01-15 10:02:51,IW26001627,Lac de la Gruyère,0.5623636824699644,2020-01-15T10:02:51,0.8537311293006278,0.852698978125206,15.336134453781511,Landsat-7,1.0,70.71456744171975,39.76730455079617,False,False,609.8767294554874
2020-01-15 10:03:15,IW26001627,Lac de la Gruyère,0.4636163575740029,2020-01-15T10:03:15,0.8457456662212801,0.8512486295128899,19.29078014184397,Landsat-7,1.0,69.3614461542302,32.157101022089535,False,False,620.3355658161953
2020-01-15 10:37:58,IW26001627,Lac de la Gruyère,0.9544324824511196,2020-01-15T10:37:58,0.7322534946946231,0.5315789882156291,0.4930831392959868,Sentinel-2,1.0,46.252800507661945,44.14517520884419,True,False,21.767241576748265
2020-01-16 10:17:04,IW26001627,Lac de la Gruyère,0.9556724838732508,2020-01-16T10:17:04,0.979151764635025,1.0,0.0,Landsat-8,1.0,95.830352927005,91.58243141220112,False,False,0.0
2020-01-20 10:37:58,IW26001627,Lac de la Gruyère,0.955658620328208,2020-01-20T10:37:58,0.722415605182205,0.5249285423727745,0.1366867140513942,Sentinel-2,1.0,44.42913332107484,42.4590842519964,True,False,5.803592708036687
2020-01-24 09:56:38,IW26001627,Lac de la Gruyère,0.3889994813706381,2020-01-24T09:56:38,0.8249062151175944,0.8845813596986627,37.11479850998984,Landsat-7,1.0,69.4109049578806,27.00080603008221,False,False,1002.1294754138198
2020-01-25 10:37:57,IW26001627,Lac de la Gruyère,0.9129103245327844,2020-01-25T10:37:57,0.7298824609930716,0.51310154948636,0.0866551126516464,Sentinel-2,1.0,45.938921849999645,41.938116054769395,True,False,3.6341521711238625
2020-01-30 10:37:56,IW26001627,Lac de la Gruyère,0.8631322900700171,2020-01-30T10:37:56,0.7805057895458318,1.0,0.0,Sentinel-2,1.0,56.10115790916637,48.42272090171842,False,False,0.0
2020-02-14 10:37:57,IW26001627,Lac de la Gruyère,0.8518245653879409,2020-02-14T10:37:57,0.932243222122352,0.5792292952537537,0.0153397760392698,Sentinel-2,1.0,86.4378141153166,73.62985344186319,False,False,1.12946546160244
2020-02-19 10:38:00,IW26001627,Lac de la Gruyère,0.4942011616145737,2020-02-19T10:38:00,0.9031646195197436,0.5262924608637075,0.0527426160337552,Sentinel-2,1.0,80.59316945683311,39.829237963767106,False,False,2.1006982048400342
2020-02-24 10:22:40,IW26001627,Lac de la Gruyère,0.9615615290763666,2020-02-24T10:22:40,0.9976726504417436,1.0,0.0,Landsat-8,1.0,99.53453008834872,95.7085749476502,False,False,0.0
2020-02-24 10:23:04,IW26001627,Lac de la Gruyère,0.9388822129132366,2020-02-24T10:23:04,0.9975305490683885,1.0,0.0,Landsat-8,1.0,99.5061098136777,93.42451658025324,False,False,0.0
2020-02-24 10:37:59,IW26001627,Lac de la Gruyère,0.9455182886550804,2020-02-24T10:37:59,0.9943503036974576,1.0,0.0,Sentinel-2,1.0,98.87006073949152,93.48345062962787,False,False,0.0
2020-03-04 10:16:50,IW26001627,Lac de la Gruyère,0.9544624837918644,2020-03-04T10:16:50,0.9342563758911776,1.0,0.0,Landsat-8,1.0,86.85127517823553,82.89628382710937,False,False,0.0
2020-03-15 10:38:00,IW26001627,Lac de la Gruyère,0.951997281369178,2020-03-15T10:38:00,0.9653017744391216,0.5485013127326965,0.0,Sentinel-2,1.0,93.06035488782432,88.59320485645965,False,False,0.0
2020-03-19 09:59:31,IW26001627,Lac de la Gruyère,0.6083241432095153,2020-03-19T09:59:31,0.9657358080944864,1.0,0.0,Landsat-7,1.0,93.14716161889729,56.66366728421394,False,False,0.0
2020-03-19 09:59:55,IW26001627,Lac de la Gruyère,0.4635470954871481,2020-03-19T09:59:55,0.9657224070570316,1.0,0.0,Landsat-7,1.0,93.14448141140632,43.176853818914054,False,False,0.0
2020-03-20 10:16:43,IW26001627,Lac de la Gruyère,0.6525022998184701,2020-03-20T10:16:43,0.9913425528806532,1.0,0.0,Landsat-8,1.0,98.26851057613064,64.1204291506609,False,False,0.0
2020-03-20 10:38:02,IW26001627,Lac de la Gruyère,0.6220058371462309,2020-03-20T10:38:02,0.9687252562884284,0.5760015249252319,0.0211550666384599,Sentinel-2,1.0,93.72843506427071,58.29963371655785,False,False,1.2333326362715848
2020-03-25 10:38:00,IW26001627,Lac de la Gruyère,0.9357343240908816,2020-03-25T10:38:00,0.7066394628495544,0.5623863456931821,13.150492264416316,Sentinel-2,1.0,37.53389356734525,35.1217525277389,True,False,461.8683349287746
2020-03-28 09:53:14,IW26001627,Lac de la Gruyère,0.6479924291557441,2020-03-28T09:53:14,0.9649360303355572,1.0,0.0,Landsat-7,1.0,92.98720606711144,60.255005539833284,False,False,0.0
2020-04-04 09:58:37,IW26001627,Lac de la Gruyère,0.497177440142897,2020-04-04T09:58:37,0.9650197876146408,1.0,0.0,Landsat-7,1.0,93.00395752292816,46.23946952440815,False,False,0.0
2020-04-04 09:59:01,IW26001627,Lac de la Gruyère,0.3611970545771628,2020-04-04T09:59:01,0.9648232107813368,1.0,0.0,Landsat-7,1.0,92.96464215626736,33.578554926663706,False,False,0.0
2020-04-04 10:38:00,IW26001627,Lac de la Gruyère,0.8232522052151938,2020-04-04T10:38:00,0.9773707335768154,0.6033875197172165,0.0645890521556596,Sentinel-2,1.0,95.42583627275245,78.55953014604748,False,False,5.074085589927174
2020-04-05 10:16:34,IW26001627,Lac de la Gruyère,0.7654184186960782,2020-04-05T10:16:34,0.9937594145229204,1.0,0.0,Landsat-8,1.0,98.75188290458408,75.58651005608702,False,False,0.0
2020-04-09 10:38:00,IW26001627,Lac de la Gruyère,0.7394365067719351,2020-04-09T10:38:00,0.9900320555083376,1.0,0.0,Sentinel-2,1.0,98.00641110166752,72.46951826627124,False,False,0.0
2020-04-12 10:22:18,IW26001627,Lac de la Gruyère,0.7980024497414395,2020-04-12T10:22:18,0.996268005927698,1.0,0.0,Landsat-8,1.0,99.25360118553961,79.20461689172045,False,False,0.0
2020-04-12 10:22:42,IW26001627,Lac de la Gruyère,0.7625870782211815,2020-04-12T10:22:42,0.9963072701558852,1.0,0.0,Landsat-8,1.0,99.26145403117704,75.69550220962142,False,False,0.0
2020-04-13 09:52:19,IW26001627,Lac de la Gruyère,0.6248451469449315,2020-04-13T09:52:19,0.965777523815632,1.0,0.0,Landsat-7,1.0,93.1555047631264,58.207765062444984,False,False,0.0
2020-04-14 10:38:03,IW26001627,Lac de la Gruyère,0.8381317017586424,2020-04-14T10:38:03,0.9868814947069138,1.0,0.0,Sentinel-2,1.0,97.37629894138276,81.61416314269941,False,False,0.0
2020-05-04 10:38:08,IW26001627,Lac de la Gruyère,0.948350665121826,2020-05-04T10:38:08,0.9958726669611254,1.0,0.0,Sentinel-2,1.0,99.17453339222509,94.0522347056634,False,False,0.0
2020-05-07 10:15:54,IW26001627,Lac de la Gruyère,0.3491953989195793,2020-05-07T10:15:54,0.9985630003000302,1.0,0.0,Landsat-8,1.0,99.71260006000604,34.81918115526228,False,False,0.0
2020-05-07 10:16:18,IW26001627,Lac de la Gruyère,0.9503881091031396,2020-05-07T10:16:18,0.992885521438589,1.0,0.0,Landsat-8,1.0,98.5771042877178,93.68650774486711,False,False,0.0
2020-05-09 10:38:02,IW26001627,Lac de la Gruyère,0.7700083910953894,2020-05-09T10:38:02,0.9967345788270876,1.0,0.0,Sentinel-2,1.0,99.34691576541752,76.49795876881832,False,False,0.0
2020-05-19 10:38:04,IW26001627,Lac de la Gruyère,0.9447273850754144,2020-05-19T10:38:04,0.9952911816684116,1.0,0.0,Sentinel-2,1.0,99.05823633368232,93.58302858170211,False,False,0.0
2020-05-22 09:55:44,IW26001627,Lac de la Gruyère,0.6123793621602828,2020-05-22T09:55:44,1.0,0.5775448679924011,100.0,Landsat-7,1.0,15.508973598480225,9.497375359997985,True,False,949.7375359997985
2020-05-24 10:38:10,IW26001627,Lac de la Gruyère,0.8753776292537822,2020-05-24T10:38:10,0.9958071909786071,1.0,0.0,Sentinel-2,1.0,99.16143819572143,86.80370468116607,False,False,0.0
2020-05-29 10:38:05,IW26001627,Lac de la Gruyère,0.93149287959938,2020-05-29T10:38:05,0.9955895300708858,1.0,0.0,Sentinel-2,1.0,99.11790601417717,92.32762369300659,False,False,0.0
2020-05-30 10:22:10,IW26001627,Lac de la Gruyère,0.9381024816662862,2020-05-30T10:22:10,0.9902444592697592,1.0,0.0,Landsat-8,1.0,98.04889185395184,91.97990877282153,False,False,0.0
2020-05-30 10:22:33,IW26001627,Lac de la Gruyère,0.9351439127294032,2020-05-30T10:22:33,0.9905520196860408,1.0,0.0,Landsat-8,1.0,98.11040393720816,91.74734701730308,False,False,0.0
2020-05-31 09:49:25,IW26001627,Lac de la Gruyère,0.5648757267483855,2020-05-31T09:49:25,0.965777523815632,1.0,0.0,Landsat-7,1.0,93.1555047631264,52.62128345368371,False,False,0.0
2020-06-03 10:38:10,IW26001627,Lac de la Gruyère,0.880713351400461,2020-06-03T10:38:10,0.9936420715118116,1.0,0.0,Sentinel-2,1.0,98.72841430236232,86.95143263868674,False,False,0.0
2020-06-23 09:53:52,IW26001627,Lac de la Gruyère,0.5432694153270045,2020-06-23T09:53:52,0.9657708816230296,1.0,0.0,Landsat-7,1.0,93.15417632460591,50.60781490713734,False,False,0.0
2020-06-23 09:54:16,IW26001627,Lac de la Gruyère,0.4302152907795291,2020-06-23T09:54:16,0.9657708816230296,1.0,0.0,Landsat-7,1.0,93.15417632460591,40.076351054817856,False,False,0.0
2020-06-23 10:38:10,IW26001627,Lac de la Gruyère,0.9398013217648404,2020-06-23T10:38:10,0.9956030544062836,1.0,0.0,Sentinel-2,1.0,99.12061088125672,93.15368112034349,False,False,0.0
2020-06-24 10:16:38,IW26001627,Lac de la Gruyère,0.9573039226638826,2020-06-24T10:16:38,0.998538777426707,1.0,0.0,Landsat-8,1.0,99.70775548534141,95.4506254461286,False,False,0.0
2020-06-28 10:38:06,IW26001627,Lac de la Gruyère,0.3886130771618745,2020-06-28T10:38:06,0.9859032359590494,1.0,0.0,Sentinel-2,1.0,97.18064719180988,37.76567034579171,False,False,0.0
2020-07-01 10:22:28,IW26001627,Lac de la Gruyère,0.94948845688637,2020-07-01T10:22:28,0.998497314983601,1.0,0.0,Landsat-8,1.0,99.69946299672019,94.66348927315559,False,False,0.0
2020-07-01 10:22:52,IW26001627,Lac de la Gruyère,0.9377419031810132,2020-07-01T10:22:52,0.9985049351258868,1.0,0.0,Landsat-8,1.0,99.70098702517735,93.49379332201532,False,False,0.0
2020-07-08 10:38:06,IW26001627,Lac de la Gruyère,0.9511398055356546,2020-07-08T10:38:06,0.9954719042043306,1.0,0.0,Sentinel-2,1.0,99.09438084086612,94.2526101226575,False,False,0.0
2020-07-18 09:46:34,IW26001627,Lac de la Gruyère,0.6331208726993542,2020-07-18T09:46:34,0.96269186255299,1.0,0.0,Landsat-7,1.0,92.538372510598,58.58797516208774,False,False,0.0
2020-07-18 10:38:05,IW26001627,Lac de la Gruyère,0.8538710779652631,2020-07-18T10:38:05,0.9932612200525044,1.0,0.0,Sentinel-2,1.0,98.65224401050088,84.23629793693856,False,False,0.0
2020-07-23 10:38:09,IW26001627,Lac de la Gruyère,0.5658561474152235,2020-07-23T10:38:09,0.9822241787054766,1.0,0.0,Sentinel-2,1.0,96.44483574109532,54.57390319055025,False,False,0.0
2020-07-25 09:51:55,IW26001627,Lac de la Gruyère,0.4685717772405139,2020-07-25T09:51:55,0.9657708816230296,1.0,0.0,Landsat-7,1.0,93.15417632460591,43.6494179577968,False,False,0.0
2020-07-25 09:52:19,IW26001627,Lac de la Gruyère,0.3380360479757322,2020-07-25T09:52:19,0.9657708816230296,1.0,0.0,Landsat-7,1.0,93.15417632460591,31.489469617204303,False,False,0.0
2020-07-28 10:38:06,IW26001627,Lac de la Gruyère,0.7449412257351726,2020-07-28T10:38:06,0.9715950918332344,1.0,0.0,Sentinel-2,1.0,94.31901836664689,70.26212515218819,False,False,0.0
2020-08-07 10:38:07,IW26001627,Lac de la Gruyère,0.9542069760891644,2020-08-07T10:38:07,0.9954421645930808,1.0,0.0,Sentinel-2,1.0,99.08843291861615,94.55087394068673,False,False,0.0
2020-08-11 10:16:52,IW26001627,Lac de la Gruyère,0.9426312016881262,2020-08-11T10:16:52,0.9985772830225296,1.0,0.0,Landsat-8,1.0,99.71545660450592,93.99490068598561,False,False,0.0
2020-08-12 10:38:10,IW26001627,Lac de la Gruyère,0.9257783519852456,2020-08-12T10:38:10,0.980307673610819,1.0,0.0,Sentinel-2,1.0,96.06153472216381,88.93168930425826,False,False,0.0
2020-08-19 09:44:34,IW26001627,Lac de la Gruyère,0.7133231839205786,2020-08-19T09:44:34,0.9657708816230296,1.0,0.0,Landsat-7,1.0,93.15417632460591,66.44903365136688,False,False,0.0
2020-09-04 09:43:31,IW26001627,Lac de la Gruyère,0.7982606806287957,2020-09-04T09:43:31,0.9657708816230296,1.0,0.0,Landsat-7,1.0,93.15417632460591,74.36131619629477,False,False,0.0
2020-09-11 09:48:50,IW26001627,Lac de la Gruyère,0.3176504010774615,2020-09-11T09:48:50,0.9657708816230296,1.0,0.0,Landsat-7,1.0,93.15417632460591,29.590461471551638,False,False,0.0
2020-09-11 09:49:14,IW26001627,Lac de la Gruyère,0.3158149816908804,2020-09-11T09:49:14,0.9657708816230296,1.0,0.0,Landsat-7,1.0,93.15417632460591,29.419484490384463,False,False,0.0
2020-09-12 10:17:08,IW26001627,Lac de la Gruyère,0.9540900235065412,2020-09-12T10:17:08,0.999220900408251,1.0,0.0,Landsat-8,1.0,99.8441800816502,95.26033612109296,False,False,0.0
2020-09-20 09:42:27,IW26001627,Lac de la Gruyère,0.3493507014076629,2020-09-20T09:42:27,0.9657723634417488,1.0,0.0,Landsat-7,1.0,93.15447268834976,32.54358037293596,False,False,0.0
2020-10-30 10:17:13,IW26001627,Lac de la Gruyère,0.9543834923534408,2020-10-30T10:17:13,0.999148022185984,1.0,0.0,Landsat-8,1.0,99.82960443719679,95.27572652303442,False,False,0.0
2020-10-31 10:38:09,IW26001627,Lac de la Gruyère,0.9538081332472058,2020-10-31T10:38:09,0.9778192612657234,1.0,0.0,Sentinel-2,1.0,95.56385225314467,91.14957952348371,False,False,0.0
2020-11-10 10:38:08,IW26001627,Lac de la Gruyère,0.8791819135038436,2020-11-10T10:38:08,0.9575509598233156,1.0,0.0,Sentinel-2,1.0,91.51019196466312,80.45410567659657,False,False,0.0
2020-11-14 09:44:38,IW26001627,Lac de la Gruyère,0.5467037286277645,2020-11-14T09:44:38,0.9637745056318592,1.0,0.0,Landsat-7,1.0,92.75490112637183,50.709450294287116,False,False,0.0
2020-11-14 09:45:01,IW26001627,Lac de la Gruyère,0.4025730905450703,2020-11-14T09:45:01,0.9630636356907808,1.0,0.0,Landsat-7,1.0,92.61272713815616,37.28339178781483,False,False,0.0
2020-11-15 10:17:11,IW26001627,Lac de la Gruyère,0.9388990046774084,2020-11-15T10:17:11,0.9988868133763368,1.0,0.0,Landsat-8,1.0,99.77736267526736,93.68086650514532,False,False,0.0
2020-11-15 10:38:05,IW26001627,Lac de la Gruyère,0.955681391307842,2020-11-15T10:38:05,0.9812427384048418,1.0,0.0,Sentinel-2,1.0,96.24854768096836,91.98294595910701,False,False,0.0
2020-11-20 10:38:06,IW26001627,Lac de la Gruyère,0.3241688501935587,2020-11-20T10:38:06,0.8585201016376146,0.5395427643555127,0.7701661937576003,Sentinel-2,1.0,71.21268920402395,23.084935578459692,False,False,17.779236967601708
2020-11-22 10:23:00,IW26001627,Lac de la Gruyère,0.9532469069322254,2020-11-22T10:23:00,0.9955835305390738,1.0,0.0,Landsat-8,1.0,99.11670610781475,94.48269352258482,False,False,0.0
2020-11-22 10:23:24,IW26001627,Lac de la Gruyère,0.9391602411063537,2020-11-22T10:23:24,0.995881867314195,1.0,0.0,Landsat-8,1.0,99.17637346283901,93.14250681341366,False,False,0.0
2020-12-08 10:23:02,IW26001627,Lac de la Gruyère,0.7928578285745167,2020-12-08T10:23:02,0.6868724089038639,0.5652854657818092,14.96926399734175,Landsat-8,1.0,33.73434768032516,26.74654165020039,True,False,400.3760429777463
2020-12-08 10:23:26,IW26001627,Lac de la Gruyère,0.4918766860669528,2020-12-08T10:23:26,0.7143531675769446,0.5628697252915073,9.490802452679285,Landsat-8,1.0,39.99523466422305,19.672723485108147,True,False,186.70993230334577
2020-12-10 10:38:00,IW26001627,Lac de la Gruyère,0.8704249699452928,2020-12-10T10:38:00,0.7781180395510422,0.6118845711366734,1.7940600030152272,Sentinel-2,1.0,55.02714227651901,47.89699866221441,False,False,85.93008956435271
2021-01-09 10:23:18,IW26001627,Lac de la Gruyère,0.6056548026504968,2021-01-09T10:23:18,0.7057138322530317,0.5432262632194259,9.344598054275474,Landsat-8,1.0,38.10600440773558,23.079084579366054,True,False,215.66476885480313
2021-01-18 10:17:03,IW26001627,Lac de la Gruyère,0.9345859119362654,2021-01-18T10:17:03,0.7358698357946366,0.6428209900449453,14.834983498349835,Landsat-8,1.0,44.41321097645298,41.50796128244606,True,False,615.7699206752312
2021-01-24 10:38:04,IW26001627,Lac de la Gruyère,0.9476017106131496,2021-01-24T10:38:04,0.8887252482583695,0.9354901192880908,20.44790652385589,Sentinel-2,1.0,79.65753707450574,75.48361839503202,False,False,1543.481973024024
2021-02-08 10:38:03,IW26001627,Lac de la Gruyère,0.9532932748629516,2021-02-08T10:38:03,0.8388679332951479,0.5275649119833902,0.0482858522452921,Sentinel-2,1.0,67.74352359564843,64.57944545925132,False,False,3.118273561528309
2021-02-19 10:16:57,IW26001627,Lac de la Gruyère,0.9513012675594033,2021-02-19T10:16:57,0.7540178036799278,0.5985848442603267,17.60025978243221,Landsat-8,1.0,45.33223980691111,43.124617189621375,True,False,759.0044655552779
2021-02-23 10:38:02,IW26001627,Lac de la Gruyère,0.5312862045149623,2021-02-23T10:38:02,0.8481961322428896,1.0,0.0,Sentinel-2,1.0,69.63922644857792,36.99836030522294,False,False,0.0
2021-02-26 10:22:41,IW26001627,Lac de la Gruyère,0.8453243148923281,2021-02-26T10:22:41,0.9281839452260372,1.0,0.0,Landsat-8,1.0,85.63678904520744,72.3908600292188,False,False,0.0
2021-02-26 10:23:05,IW26001627,Lac de la Gruyère,0.8909796117270375,2021-02-26T10:23:05,0.9264098371524911,1.0,0.0,Landsat-8,1.0,85.28196743049823,75.98449422854317,False,False,0.0
2021-03-10 10:38:04,IW26001627,Lac de la Gruyère,0.3943866336861048,2021-03-10T10:38:04,0.9212469398674208,1.0,0.0,Sentinel-2,1.0,84.24938797348416,33.226832512977026,False,False,0.0
2021-03-20 10:38:03,IW26001627,Lac de la Gruyère,0.7252747783178208,2021-03-20T10:38:03,0.8688591014497421,0.6818544542434299,1.0897435897435896,Sentinel-2,1.0,73.36424605885774,53.20923729679211,False,False,57.98442525932473
2021-03-23 10:16:42,IW26001627,Lac de la Gruyère,0.81239569194923,2021-03-23T10:16:42,0.9403583657579178,1.0,0.0,Landsat-8,1.0,88.07167315158355,71.54904785110715,False,False,0.0
2021-03-25 10:38:03,IW26001627,Lac de la Gruyère,0.8436461532874105,2021-03-25T10:38:03,0.9291694730754202,0.5864388942718506,0.2589236175328278,Sentinel-2,1.0,85.65641253247816,72.26370293742474,False,False,18.710779380875646
2021-03-30 10:22:28,IW26001627,Lac de la Gruyère,0.8210266854542031,2021-03-30T10:22:28,0.9938802772021718,1.0,0.0,Landsat-8,1.0,98.77605544043435,81.09777740050042,False,False,0.0
2021-03-30 10:22:52,IW26001627,Lac de la Gruyère,0.8066863881063275,2021-03-30T10:22:52,0.9937137306832008,1.0,0.0,Landsat-8,1.0,98.74274613664016,79.65442923266629,False,False,0.0
2021-03-30 10:38:01,IW26001627,Lac de la Gruyère,0.9058482811830288,2021-03-30T10:38:01,0.9856495442713068,1.0,0.0,Sentinel-2,1.0,97.12990885426136,87.98496098709691,False,False,0.0
2021-03-31 09:28:38,IW26001627,Lac de la Gruyère,0.7069192025222777,2021-03-31T09:28:38,0.965777523815632,1.0,0.0,Landsat-7,1.0,93.1555047631264,65.85341513770956,False,False,0.0
2021-04-04 10:38:02,IW26001627,Lac de la Gruyère,0.9275100968860772,2021-04-04T10:38:02,0.9576775160322438,0.7280292510986328,0.0334616028107746,Sentinel-2,1.0,91.52013440839399,84.88584873215632,False,False,2.8404165545309095
2021-04-08 10:16:14,IW26001627,Lac de la Gruyère,0.3159857973206505,2021-04-08T10:16:14,0.96007741946844,1.0,0.0,Landsat-8,1.0,92.01548389368801,29.075586043992484,False,False,0.0
2021-04-08 10:16:38,IW26001627,Lac de la Gruyère,0.9106586809751288,2021-04-08T10:16:38,0.9622278358150568,1.0,0.0,Landsat-8,1.0,92.44556716301136,84.1863582546656,False,False,0.0
2021-04-09 10:37:59,IW26001627,Lac de la Gruyère,0.9157532691053304,2021-04-09T10:37:59,0.9830817958805702,0.587946891784668,0.0,Sentinel-2,1.0,96.61635917611405,88.47674676458122,False,False,0.0
2021-04-14 10:38:00,IW26001627,Lac de la Gruyère,0.8059951468592332,2021-04-14T10:38:00,0.8693177254935432,0.6137848053697472,1.498847040737894,Sentinel-2,1.0,73.09753557643131,58.91625892197378,False,False,88.30646033654794
2021-04-16 09:27:19,IW26001627,Lac de la Gruyère,0.655413199918116,2021-04-16T09:27:19,0.872828284249346,1.0,0.0,Landsat-7,1.0,74.5656568498692,48.87131575996896,False,False,0.0
2021-04-19 10:37:59,IW26001627,Lac de la Gruyère,0.7220744205218304,2021-04-19T10:37:59,0.966552774989172,0.6192083954811096,0.0433557337957944,Sentinel-2,1.0,93.28043625692757,67.35541695624451,False,False,2.9202435272596734
2021-04-23 09:32:30,IW26001627,Lac de la Gruyère,0.3928074349205273,2021-04-23T09:32:30,0.9657277029751288,1.0,0.0,Landsat-7,1.0,93.14554059502575,36.58826087541791,False,False,0.0
2021-04-24 10:16:31,IW26001627,Lac de la Gruyère,0.6943661248177952,2021-04-24T10:16:31,0.9943637677725524,1.0,0.0,Landsat-8,1.0,98.87275355451048,68.65389073571033,False,False,0.0
2021-04-24 10:37:58,IW26001627,Lac de la Gruyère,0.806133162302877,2021-04-24T10:37:58,0.9796502983154888,1.0,0.0,Sentinel-2,1.0,95.93005966309775,77.33240235611666,False,False,0.0
2021-05-09 09:31:10,IW26001627,Lac de la Gruyère,0.4856592121737452,2021-05-09T09:31:10,0.965777523815632,1.0,0.0,Landsat-7,1.0,93.1555047631264,45.24182905290753,False,False,0.0
2021-05-09 09:31:33,IW26001627,Lac de la Gruyère,0.4271013320481143,2021-05-09T09:31:33,0.965777523815632,1.0,0.0,Landsat-7,1.0,93.1555047631264,39.78684017194574,False,False,0.0
2021-05-18 09:24:37,IW26001627,Lac de la Gruyère,0.5083258114642362,2021-05-18T09:24:37,0.9655983568809676,1.0,0.0,Landsat-7,1.0,93.11967137619352,47.33513251558658,False,False,0.0
2021-05-29 10:38:05,IW26001627,Lac de la Gruyère,0.7389281925536682,2021-05-29T10:38:05,0.996714323537506,1.0,0.0,Sentinel-2,1.0,99.3428647075012,73.40724346141745,False,False,0.0
2021-06-03 10:38:05,IW26001627,Lac de la Gruyère,0.7876721920860082,2021-06-03T10:38:05,0.996191196062989,1.0,0.0,Sentinel-2,1.0,99.2382392125978,78.16720141934258,False,False,0.0
2021-06-10 09:28:28,IW26001627,Lac de la Gruyère,0.5576512262728854,2021-06-10T09:28:28,0.9657722158863794,1.0,0.0,Landsat-7,1.0,93.15444317727588,51.94768947057572,False,False,0.0
2021-06-10 09:28:52,IW26001627,Lac de la Gruyère,0.4038949195924035,2021-06-10T09:28:52,0.9657727323322473,1.0,0.0,Landsat-7,1.0,93.15454646644945,37.62464805473341,False,False,0.0
2021-06-11 10:16:43,IW26001627,Lac de la Gruyère,0.808990225287389,2021-06-11T10:16:43,0.9989830166220676,1.0,0.0,Landsat-8,1.0,99.79660332441351,80.73447660633347,False,False,0.0
2021-06-13 10:38:05,IW26001627,Lac de la Gruyère,0.9311448865348974,2021-06-13T10:38:05,0.9944842381248404,1.0,0.0,Sentinel-2,1.0,98.89684762496809,92.08729396040994,False,False,0.0
2021-06-18 10:38:04,IW26001627,Lac de la Gruyère,0.4097842476567951,2021-06-18T10:38:04,0.9850300876956022,1.0,0.0,Sentinel-2,1.0,97.00601753912044,39.751537915450335,False,False,0.0
2021-06-23 10:38:04,IW26001627,Lac de la Gruyère,0.8240848891576605,2021-06-23T10:38:04,0.9955990291480984,1.0,0.0,Sentinel-2,1.0,99.11980582961968,81.68313420043097,False,False,0.0
2021-06-26 09:27:09,IW26001627,Lac de la Gruyère,0.5305560412960901,2021-06-26T09:27:09,0.9657725564417649,1.0,0.0,Landsat-7,1.0,93.15451128835296,49.42368873802049,False,False,0.0
2021-06-26 09:27:33,IW26001627,Lac de la Gruyère,0.4113291992930901,2021-06-26T09:27:33,0.9657730459234538,1.0,0.0,Landsat-7,1.0,93.15460918469076,38.317210806399586,False,False,0.0
2021-06-27 10:16:47,IW26001627,Lac de la Gruyère,0.6885034322931869,2021-06-27T10:16:47,0.9297410783005866,1.0,0.0,Landsat-8,1.0,85.94821566011733,59.17564148146582,False,False,0.0
2021-07-12 09:25:48,IW26001627,Lac de la Gruyère,0.4176688481138689,2021-07-12T09:25:48,0.6217587888240814,0.571806321766005,100.0,Landsat-7,1.0,14.361264353200998,5.998252739860227,True,False,599.8252739860227
2021-07-18 10:38:07,IW26001627,Lac de la Gruyère,0.9014605052829432,2021-07-18T10:38:07,0.9713344069200236,1.0,0.0,Sentinel-2,1.0,94.26688138400472,84.97787052387217,False,False,0.0
2021-07-20 10:22:38,IW26001627,Lac de la Gruyère,0.9570652039628208,2021-07-20T10:22:38,0.9856319444542412,1.0,0.0,Landsat-8,1.0,97.12638889084823,92.95628719399191,False,False,0.0
2021-07-20 10:23:02,IW26001627,Lac de la Gruyère,0.9541105583411692,2021-07-20T10:23:02,0.9852524007233916,1.0,0.0,Landsat-8,1.0,97.05048014467832,92.59688779811759,False,False,0.0
2021-07-21 09:19:15,IW26001627,Lac de la Gruyère,0.4503550881461032,2021-07-21T09:19:15,0.9657708816230296,1.0,0.0,Landsat-7,1.0,93.15417632460591,41.95245728984553,False,False,0.0
2021-07-23 10:38:06,IW26001627,Lac de la Gruyère,0.8904836642430688,2021-07-23T10:38:06,0.9943098506312236,1.0,0.0,Sentinel-2,1.0,98.86197012624471,88.03496941230719,False,False,0.0
2021-08-12 10:38:04,IW26001627,Lac de la Gruyère,0.9490521760350936,2021-08-12T10:38:04,0.9872605534913644,1.0,0.0,Sentinel-2,1.0,97.45211069827289,92.48713771740871,False,False,0.0
2021-08-14 10:17:02,IW26001627,Lac de la Gruyère,0.9452076432581642,2021-08-14T10:17:02,0.9989418823015674,1.0,0.0,Landsat-8,1.0,99.78837646031349,94.32073613861138,False,False,0.0
2021-08-17 10:38:06,IW26001627,Lac de la Gruyère,0.4608794950478915,2021-08-17T10:38:06,0.974989306731122,1.0,0.0,Sentinel-2,1.0,94.99786134622441,43.782566367877514,False,False,0.0
2021-08-21 10:22:51,IW26001627,Lac de la Gruyère,0.9215064816396836,2021-08-21T10:22:51,0.9881759234439924,1.0,0.0,Landsat-8,1.0,97.63518468879849,89.9714555268154,False,False,0.0
2021-08-21 10:23:15,IW26001627,Lac de la Gruyère,0.9116216423368598,2021-08-21T10:23:15,0.988615382377906,1.0,0.0,Landsat-8,1.0,97.72307647558121,89.0864714708799,False,False,0.0
2021-08-27 10:38:06,IW26001627,Lac de la Gruyère,0.9496959424554716,2021-08-27T10:38:06,0.9940002950355123,1.0,0.0,Sentinel-2,1.0,98.80005900710248,93.83001515340639,False,False,0.0
2021-08-29 09:21:37,IW26001627,Lac de la Gruyère,0.3472232160005205,2021-08-29T09:21:37,0.965777523815632,1.0,0.0,Landsat-7,1.0,93.1555047631264,32.34575395200455,False,False,0.0
2021-08-30 10:17:07,IW26001627,Lac de la Gruyère,0.6585035230339585,2021-08-30T10:17:07,0.9978437777768902,1.0,0.0,Landsat-8,1.0,99.56875555537803,65.56637631732346,False,False,0.0
2021-09-01 10:38:01,IW26001627,Lac de la Gruyère,0.9454925059608555,2021-09-01T10:38:01,0.9901969580405616,1.0,0.0,Sentinel-2,1.0,98.03939160811233,92.6955100544318,False,False,0.0
2021-09-06 10:22:56,IW26001627,Lac de la Gruyère,0.9555809744992017,2021-09-06T10:22:56,0.999255580633153,1.0,0.0,Landsat-8,1.0,99.8511161266306,95.41582685311862,False,False,0.0
2021-09-06 10:23:20,IW26001627,Lac de la Gruyère,0.9439171203824492,2021-09-06T10:23:20,0.9992482866176676,1.0,0.0,Landsat-8,1.0,99.84965732353352,94.2498010120041,False,False,0.0
2021-09-06 10:38:04,IW26001627,Lac de la Gruyère,0.9505288196614105,2021-09-06T10:38:04,0.994339686070641,1.0,0.0,Sentinel-2,1.0,98.8679372141282,93.97682366250372,False,False,0.0
2021-09-21 10:38:01,IW26001627,Lac de la Gruyère,0.3987087980212382,2021-09-21T10:38:01,0.988650411315072,1.0,0.0,Sentinel-2,1.0,97.73008226301441,38.96584362960321,False,False,0.0
2021-09-23 09:13:37,IW26001627,Lac de la Gruyère,0.7891261612447098,2021-09-23T09:13:37,0.965777523815632,1.0,0.0,Landsat-7,1.0,93.1555047631264,73.51144587253921,False,False,0.0
2021-09-30 09:18:47,IW26001627,Lac de la Gruyère,0.4755141609250649,2021-09-30T09:18:47,0.965777523815632,1.0,0.0,Landsat-7,1.0,93.1555047631264,44.29676168298894,False,False,0.0
2021-09-30 09:19:11,IW26001627,Lac de la Gruyère,0.3786424811048176,2021-09-30T09:19:11,0.965777523815632,1.0,0.0,Landsat-7,1.0,93.1555047631264,35.27263145208183,False,False,0.0
2021-10-01 10:17:16,IW26001627,Lac de la Gruyère,0.9534058882007668,2021-10-01T10:17:16,0.9992715741292014,1.0,0.0,Landsat-8,1.0,99.85431482584029,95.20169171720926,False,False,0.0
2021-10-01 10:38:04,IW26001627,Lac de la Gruyère,0.677750045396459,2021-10-01T10:38:04,0.9871504599373396,1.0,0.0,Sentinel-2,1.0,97.43009198746793,66.03324926748756,False,False,0.0
2021-10-08 10:23:05,IW26001627,Lac de la Gruyère,0.521813250709613,2021-10-08T10:23:05,0.997747605740526,1.0,0.0,Landsat-8,1.0,99.5495211481052,51.94625923687814,False,False,0.0
2021-10-08 10:23:29,IW26001627,Lac de la Gruyère,0.5858847023624915,2021-10-08T10:23:29,0.9979563387627832,1.0,0.0,Landsat-8,1.0,99.59126775255665,58.349000265109844,False,False,0.0
2021-10-16 09:17:22,IW26001627,Lac de la Gruyère,0.5959291100761999,2021-10-16T09:17:22,0.9655984992930272,1.0,0.0,Landsat-7,1.0,93.11969985860544,55.49273986730157,False,False,0.0
2021-10-16 09:17:46,IW26001627,Lac de la Gruyère,0.4444540741473858,2021-10-16T09:17:46,0.9655883630832894,1.0,0.0,Landsat-7,1.0,93.11767261665788,41.38652896959606,False,False,0.0
2021-10-16 10:38:09,IW26001627,Lac de la Gruyère,0.948032057807248,2021-10-16T10:38:09,0.9862431637614866,1.0,0.0,Sentinel-2,1.0,97.24863275229731,92.19482142710176,False,False,0.0
2021-10-17 10:17:20,IW26001627,Lac de la Gruyère,0.9539989064888544,2021-10-17T10:17:20,0.9984267092808576,1.0,0.0,Landsat-8,1.0,99.68534185617153,95.09970712375528,False,False,0.0
2021-10-21 10:38:06,IW26001627,Lac de la Gruyère,0.8615851237364057,2021-10-21T10:38:06,0.9896446146656236,1.0,0.0,Sentinel-2,1.0,97.92892293312472,84.3741031827092,False,False,0.0
2021-10-24 10:23:07,IW26001627,Lac de la Gruyère,0.9544399712905194,2021-10-24T10:23:07,0.9989330470766532,1.0,0.0,Landsat-8,1.0,99.78660941533064,95.24032862554645,False,False,0.0
2021-10-24 10:23:31,IW26001627,Lac de la Gruyère,0.9279762255986768,2021-10-24T10:23:31,0.9989369995108875,1.0,0.0,Landsat-8,1.0,99.78739990217751,92.60033472352845,False,False,0.0
2021-10-25 09:10:46,IW26001627,Lac de la Gruyère,0.7955800079227611,2021-10-25T09:10:46,0.9656277783215046,1.0,0.0,Landsat-7,1.0,93.12555566430092,74.08883031321605,False,False,0.0
2021-10-26 10:38:09,IW26001627,Lac de la Gruyère,0.9480167224106626,2021-10-26T10:38:09,0.9937421850655944,1.0,0.0,Sentinel-2,1.0,98.74843701311889,93.61516960035273,False,False,0.0
2021-10-31 10:38:03,IW26001627,Lac de la Gruyère,0.9465905833289512,2021-10-31T10:38:03,0.9849471740143358,1.0,0.0,Sentinel-2,1.0,96.98943480286717,91.80928566679131,False,False,0.0
2021-11-05 10:38:08,IW26001627,Lac de la Gruyère,0.8994130603011445,2021-11-05T10:38:08,0.9532407679893048,1.0,0.0,Sentinel-2,1.0,90.64815359786095,81.53013323810033,False,False,0.0
2021-11-10 09:09:16,IW26001627,Lac de la Gruyère,0.4883575895740077,2021-11-10T09:09:16,0.9419085691424536,0.7434561079856542,1.6704143912624476,Landsat-7,1.0,87.71871813429517,42.83810174858619,False,False,71.5573816552034
2021-11-11 10:21:33,IW26001627,Lac de la Gruyère,0.7135158216359582,2021-11-11T10:21:33,0.9975278001843452,1.0,0.0,Landsat-9,1.0,99.50556003686903,70.99879142705277,False,False,0.0
2021-11-11 10:21:57,IW26001627,Lac de la Gruyère,0.8900838045671983,2021-11-11T10:21:57,0.9913300245530652,1.0,0.0,Landsat-9,1.0,98.26600491061303,87.46497951045744,False,False,0.0
2021-11-20 10:38:01,IW26001627,Lac de la Gruyère,0.9073322263655286,2021-11-20T10:38:01,0.9340545904287167,1.0,0.0,Sentinel-2,1.0,86.81091808574335,78.76634357957305,False,False,0.0
2021-12-03 09:13:14,IW26001627,Lac de la Gruyère,0.4417005639114481,2021-12-03T09:13:14,0.8656020342170716,0.6995946743017316,3.1829310947883878,Landsat-7,1.0,72.06362686773778,31.830544624983958,False,False,101.31443025091082
2021-12-12 10:16:49,IW26001627,Lac de la Gruyère,0.323959403569071,2021-12-12T10:16:49,0.6621725205624891,0.6728738191616808,50.65913370998116,Landsat-9,1.0,33.51874114571159,10.858711389950805,True,False,550.0929122216132
2021-12-12 10:17:13,IW26001627,Lac de la Gruyère,0.9636245223943862,2021-12-12T10:17:13,0.6658523354160528,0.7108982078500646,54.86244401791427,Landsat-9,1.0,38.113120392508726,36.72673743519096,True,False,2014.9185764988006
2022-01-12 10:22:55,IW26001627,Lac de la Gruyère,0.3268527449904824,2022-01-12T10:22:55,0.6255451309593602,0.5252286632462255,23.33804809052334,Landsat-8,1.0,20.426645096350892,6.676505020688666,True,False,155.8165952494526
2022-01-12 10:23:19,IW26001627,Lac de la Gruyère,0.5002937073481176,2022-01-12T10:23:19,0.6765368099747135,0.5593093739174594,33.75,Landsat-8,1.0,27.394510061078055,13.705300999442048,True,False,462.55390873116914
2022-01-14 10:38:05,IW26001627,Lac de la Gruyère,0.9464935770178758,2022-01-14T10:38:05,0.8633937838374478,0.6473779901225344,0.0162522346822688,Sentinel-2,1.0,72.67173528874049,68.78333068153619,False,False,1.117882832464426
2022-01-19 10:37:59,IW26001627,Lac de la Gruyère,0.8024889937087261,2022-01-19T10:37:59,0.9229917389935516,0.5735533309928258,0.3065721402567541,Sentinel-2,1.0,84.38409163745294,67.71730478316454,False,False,20.760239059793683
2022-01-21 10:17:05,IW26001627,Lac de la Gruyère,0.8687248739510499,2022-01-21T10:17:05,0.9301488135955294,0.6844494331131672,21.876112495550014,Landsat-8,1.0,75.27986814406768,65.39749396450685,False,False,1430.6429348946049
2022-01-28 10:22:49,IW26001627,Lac de la Gruyère,0.9492596084688112,2022-01-28T10:22:49,0.9077586227550142,0.6892271962823933,31.16460637605725,Landsat-8,1.0,67.93083277736778,64.48399572520442,False,False,2009.6183443313541
2022-01-28 10:23:13,IW26001627,Lac de la Gruyère,0.93898763141307,2022-01-28T10:23:13,0.9090652430322416,0.6751560466766351,30.561945448570487,Landsat-8,1.0,67.5156084085703,63.39632122297578,False,False,1937.5149108566372
2022-01-29 10:16:47,IW26001627,Lac de la Gruyère,0.3392224142834875,2022-01-29T10:16:47,0.9386410824842988,0.6279116457221338,5.956678700361011,Landsat-9,1.0,84.02638566178705,28.50363340770682,False,False,169.78698600258573
2022-01-29 10:17:10,IW26001627,Lac de la Gruyère,0.9177048959042506,2022-01-29T10:17:10,0.9142823323001698,0.6013959123429058,25.68342895713804,Landsat-9,1.0,66.78447418278267,61.288438927930684,False,False,1574.0972670994013
2022-01-29 10:37:58,IW26001627,Lac de la Gruyère,0.5985485997275148,2022-01-29T10:37:58,0.865867229907655,0.6476434401155425,0.640861317610869,Sentinel-2,1.0,72.89374361061056,43.63044816702743,False,False,27.961066500273922
2022-02-05 09:06:37,IW26001627,Lac de la Gruyère,0.5382731270293238,2022-02-05T09:06:37,0.7364897913649873,0.844354462253209,25.74058096059822,Landsat-7,1.0,52.850956860570555,28.448249815831208,False,False,732.2744775717266
2022-02-05 09:07:01,IW26001627,Lac de la Gruyère,0.3987167555629893,2022-02-05T09:07:01,0.7535029894258225,0.8711610828168505,28.049728049728053,Landsat-7,1.0,57.30115293010017,22.84692978630822,False,False,640.850167277177
2022-02-05 10:22:57,IW26001627,Lac de la Gruyère,0.9523653658500684,2022-02-05T10:22:57,0.9296281445140436,0.6407255821236555,14.22315926046059,Landsat-9,1.0,77.70741459154144,74.00585032673631,False,False,1052.59699540298
2022-02-05 10:23:20,IW26001627,Lac de la Gruyère,0.8836979110856363,2022-02-05T10:23:20,0.95048911797521,0.6500399348513571,17.850254252147995,Landsat-9,1.0,79.3716349778201,70.14054802935124,False,False,1252.0266157089175
2022-02-08 10:37:58,IW26001627,Lac de la Gruyère,0.9428955896541804,2022-02-08T10:37:58,0.819331417272513,0.6662671967953618,16.337199803953602,Sentinel-2,1.0,58.86500194895935,55.50355072265851,False,False,906.7725979849454
2022-02-13 10:22:46,IW26001627,Lac de la Gruyère,0.9010521042335564,2022-02-13T10:22:46,0.9286647336567352,0.7228138327964511,14.600550964187327,Landsat-8,1.0,79.72187359327813,71.83356195466486,False,False,1048.8095822581922
2022-02-13 10:23:10,IW26001627,Lac de la Gruyère,0.8787326333644196,2022-02-13T10:23:10,0.933046365948063,0.7186104287396702,14.680028129395218,Landsat-8,1.0,80.31342200926771,70.57402481671176,False,False,1036.0286695139648
2022-02-13 10:38:04,IW26001627,Lac de la Gruyère,0.9441590894326318,2022-02-13T10:38:04,0.8862012590018521,0.7134748354056112,2.3953071533322468,Sentinel-2,1.0,76.41278612435129,72.14582656817795,False,False,172.8114144618243
2022-02-23 10:38:06,IW26001627,Lac de la Gruyère,0.9341127547936758,2022-02-23T10:38:06,0.9564126429434358,0.6794970140900722,0.0164826108455579,Sentinel-2,1.0,91.27340000359227,85.25964711674068,False,False,1.4053015842548293
2022-02-28 10:38:00,IW26001627,Lac de la Gruyère,0.9404397395051026,2022-02-28T10:38:00,0.929091455896672,0.5848826632930094,0.0327653997378768,Sentinel-2,1.0,85.79573490196849,80.68571858185608,False,False,2.6436998224723487
2022-03-01 10:22:42,IW26001627,Lac de la Gruyère,0.4096820613488517,2022-03-01T10:22:42,0.7766003177650035,0.6775509407101907,33.900226757369616,Landsat-8,1.0,48.60447086833199,19.912379816108462,True,False,675.0341910449467
2022-03-01 10:23:06,IW26001627,Lac de la Gruyère,0.4710894132159722,2022-03-01T10:23:06,0.7572882477375019,0.6689998593733842,33.47568988173456,Landsat-8,1.0,45.5466201294297,21.456530550743825,True,False,718.2721626546635
2022-03-02 08:58:21,IW26001627,Lac de la Gruyère,0.7474489830451008,2022-03-02T08:58:21,0.691551555319168,0.8143551145478306,60.74707846410684,Landsat-7,1.0,53.23022596010392,39.7868782611406,False,False,2416.9366155713747
2022-03-05 10:38:08,IW26001627,Lac de la Gruyère,0.8792403312544269,2022-03-05T10:38:08,0.9297701722842524,0.5571227805278792,0.017825311942959,Sentinel-2,1.0,85.9407493448449,75.56257292221511,False,False,1.3469264335510713
2022-03-09 09:03:27,IW26001627,Lac de la Gruyère,0.5520483834215882,2022-03-09T09:03:27,0.870664784738838,1.0,0.0,Landsat-7,1.0,74.13295694776761,40.92497904127731,False,False,0.0
2022-03-09 09:03:51,IW26001627,Lac de la Gruyère,0.40048730898945,2022-03-09T09:03:51,0.8701854148707658,0.7201091051101685,0.0389711613406079,Landsat-7,1.0,74.025385677991,29.646227507084788,False,False,1.1553479153189692
2022-03-09 10:22:43,IW26001627,Lac de la Gruyère,0.9260741113523252,2022-03-09T10:22:43,0.9208208785210666,1.0,0.0,Landsat-9,1.0,84.16417570421333,77.94226422298033,False,False,0.0
2022-03-09 10:23:07,IW26001627,Lac de la Gruyère,0.91179909684938,2022-03-09T10:23:07,0.9308853184829288,1.0,0.0,Landsat-9,1.0,86.17706369658575,78.57616884767837,False,False,0.0
2022-03-10 10:16:53,IW26001627,Lac de la Gruyère,0.9356127870347918,2022-03-10T10:16:53,0.9795494912363614,1.0,0.0,Landsat-8,1.0,95.90989824727228,89.73452720335371,False,False,0.0
2022-03-10 10:38:02,IW26001627,Lac de la Gruyère,0.8726950782097768,2022-03-10T10:38:02,0.9351599805753996,0.5599448522150147,0.108010801080108,Sentinel-2,1.0,86.95094154189675,75.88165872931931,False,False,8.196038746641149
2022-03-18 08:56:45,IW26001627,Lac de la Gruyère,0.3018030471876388,2022-03-18T08:56:45,0.9533800054005678,0.9520411199378004,1.07747562852745,Landsat-7,1.0,90.67311584720251,27.365422660683496,False,False,29.485575981239275
2022-03-20 10:38:02,IW26001627,Lac de la Gruyère,0.938175308093872,2022-03-20T10:38:02,0.9898879178674296,1.0,0.0,Sentinel-2,1.0,97.97758357348592,91.92014965534824,False,False,0.0
2022-03-25 09:01:53,IW26001627,Lac de la Gruyère,0.5394426328461264,2022-03-25T09:01:53,0.9628619463441356,1.0,0.0,Landsat-7,1.0,92.57238926882711,49.93749339603259,False,False,0.0
2022-03-25 09:02:17,IW26001627,Lac de la Gruyère,0.3621153903239076,2022-03-25T09:02:17,0.961565801559216,1.0,0.0,Landsat-7,1.0,92.3131603118432,33.428016078356556,False,False,0.0
2022-03-25 10:22:38,IW26001627,Lac de la Gruyère,0.9429863657092544,2022-03-25T10:22:38,0.9956173985152929,1.0,0.0,Landsat-9,1.0,99.12347970305856,93.47208988164225,False,False,0.0
2022-03-25 10:23:02,IW26001627,Lac de la Gruyère,0.9075238141611944,2022-03-25T10:23:02,0.9954079807057664,1.0,0.0,Landsat-9,1.0,99.08159614115328,89.91890804319851,False,False,0.0
2022-03-25 10:38:07,IW26001627,Lac de la Gruyère,0.9389669820545296,2022-03-25T10:38:07,0.984177787548345,0.5240156650543213,0.0,Sentinel-2,1.0,96.83555750966899,90.92539119042172,False,False,0.0
2022-03-26 10:16:17,IW26001627,Lac de la Gruyère,0.3033443768577091,2022-03-26T10:16:17,0.998033062399376,1.0,0.0,Landsat-8,1.0,99.6066124798752,30.215105793615052,False,False,0.0
2022-03-26 10:16:41,IW26001627,Lac de la Gruyère,0.9433679911332224,2022-03-26T10:16:41,0.9957622936403278,1.0,0.0,Landsat-8,1.0,99.15245872806555,93.53725580621494,False,False,0.0
2022-04-03 08:55:14,IW26001627,Lac de la Gruyère,0.5574487378266377,2022-04-03T08:55:14,0.85613100362272,0.8365768883932162,28.344923504867868,Landsat-7,1.0,70.1176809237727,39.087012730288,False,False,1107.91838587381
2022-04-10 10:22:35,IW26001627,Lac de la Gruyère,0.9266514531435784,2022-04-10T10:22:35,0.8963126417931684,1.0,0.0,Landsat-9,1.0,79.26252835863367,73.44873708336199,False,False,0.0
2022-04-10 10:22:59,IW26001627,Lac de la Gruyère,0.8749064658291466,2022-04-10T10:22:59,0.8898225335916944,1.0,0.0,Landsat-9,1.0,77.96450671833888,68.21165103305462,False,False,0.0
2022-04-11 10:16:19,IW26001627,Lac de la Gruyère,0.3171541748367091,2022-04-11T10:16:19,0.9669457925607112,1.0,0.0,Landsat-8,1.0,93.38915851214225,29.6187615066131,False,False,0.0
2022-04-11 10:16:43,IW26001627,Lac de la Gruyère,0.8003063883464556,2022-04-11T10:16:43,0.9508449701753016,1.0,0.0,Landsat-8,1.0,90.16899403506031,72.16282195703222,False,False,0.0
2022-04-14 10:38:07,IW26001627,Lac de la Gruyère,0.9423757512928624,2022-04-14T10:38:07,0.9912396627406064,1.0,0.0,Sentinel-2,1.0,98.24793254812127,92.58646924800625,False,False,0.0
2022-04-18 10:22:31,IW26001627,Lac de la Gruyère,0.9403216790269268,2022-04-18T10:22:31,0.9946321666489344,1.0,0.0,Landsat-8,1.0,98.92643332978687,93.02266988881053,False,False,0.0
2022-04-18 10:22:54,IW26001627,Lac de la Gruyère,0.8915209959439683,2022-04-18T10:22:54,0.9945778536969,1.0,0.0,Landsat-8,1.0,98.91557073938,88.1853081399381,False,False,0.0
2022-04-19 10:16:17,IW26001627,Lac de la Gruyère,0.3535455224884736,2022-04-19T10:16:17,0.9945237340110806,1.0,0.0,Landsat-9,1.0,98.90474680221612,34.967330384779686,False,False,0.0
2022-04-19 10:16:41,IW26001627,Lac de la Gruyère,0.9071118402656748,2022-04-19T10:16:41,0.9959462948557624,1.0,0.0,Landsat-9,1.0,99.18925897115247,89.97575123991071,False,False,0.0
2022-04-19 10:37:59,IW26001627,Lac de la Gruyère,0.9331761954892048,2022-04-19T10:37:59,0.9898163679084236,1.0,0.0,Sentinel-2,1.0,97.96327358168473,91.41699493862468,False,False,0.0
2022-04-27 10:16:40,IW26001627,Lac de la Gruyère,0.8885140781227384,2022-04-27T10:16:40,0.9983064489946566,1.0,0.0,Landsat-8,1.0,99.66128979893132,88.55045903022054,False,False,0.0
2022-05-09 10:38:01,IW26001627,Lac de la Gruyère,0.8693988435822164,2022-05-09T10:38:01,0.9976785309078025,1.0,0.0,Sentinel-2,1.0,99.53570618156049,86.53622784938796,False,False,0.0
2022-05-11 08:56:14,IW26001627,Lac de la Gruyère,0.6236151005344327,2022-05-11T08:56:14,0.9657724108504876,1.0,0.0,Landsat-7,1.0,93.15448217009752,58.09254176373839,False,False,0.0
2022-05-11 08:56:38,IW26001627,Lac de la Gruyère,0.6277187319757268,2022-05-11T08:56:38,0.965772402039938,1.0,0.0,Landsat-7,1.0,93.15448040798759,58.47481231955966,False,False,0.0
2022-05-12 10:22:19,IW26001627,Lac de la Gruyère,0.858044073407299,2022-05-12T10:22:19,0.9974905201582752,1.0,0.0,Landsat-9,1.0,99.49810403165505,85.3737584796245,False,False,0.0
2022-05-12 10:22:43,IW26001627,Lac de la Gruyère,0.8060012941489302,2022-05-12T10:22:43,0.9975530928608068,1.0,0.0,Landsat-9,1.0,99.51061857216136,80.20568735072263,False,False,0.0
2022-05-20 10:22:37,IW26001627,Lac de la Gruyère,0.5834871713574715,2022-05-20T10:22:37,0.99304829798326,1.0,0.0,Landsat-8,1.0,98.609659596652,57.53747134657362,False,False,0.0
2022-05-20 10:23:01,IW26001627,Lac de la Gruyère,0.6142868045868765,2022-05-20T10:23:01,0.9905925047933908,1.0,0.0,Landsat-8,1.0,98.11850095867815,60.27290042476078,False,False,0.0
2022-05-21 10:16:01,IW26001627,Lac de la Gruyère,0.4059369132130378,2022-05-21T10:16:01,0.9991575836554164,1.0,0.0,Landsat-9,1.0,99.83151673108328,40.525297743191686,False,False,0.0
2022-05-21 10:16:25,IW26001627,Lac de la Gruyère,0.9510484021825548,2022-05-21T10:16:25,0.9991955835955068,1.0,0.0,Landsat-9,1.0,99.83911671910136,94.95183243101894,False,False,0.0
2022-05-28 08:55:31,IW26001627,Lac de la Gruyère,0.4667338601906645,2022-05-28T08:55:31,0.965777523815632,1.0,0.0,Landsat-7,1.0,93.1555047631264,43.47882833610382,False,False,0.0
2022-05-28 08:55:55,IW26001627,Lac de la Gruyère,0.4468370842758153,2022-05-28T08:55:55,0.965777523815632,1.0,0.0,Landsat-7,1.0,93.1555047631264,41.625334132597224,False,False,0.0
2022-05-28 10:22:11,IW26001627,Lac de la Gruyère,0.8569325006602337,2022-05-28T10:22:11,0.9894783329271714,1.0,0.0,Landsat-9,1.0,97.89566658543427,83.88997837085668,False,False,0.0
2022-05-28 10:22:35,IW26001627,Lac de la Gruyère,0.7880796878792523,2022-05-28T10:22:35,0.990537417043568,1.0,0.0,Landsat-9,1.0,98.1074834087136,77.31651490335794,False,False,0.0
2022-05-29 10:38:04,IW26001627,Lac de la Gruyère,0.7067570587521423,2022-05-29T10:38:04,0.9963615398341268,1.0,0.0,Sentinel-2,1.0,99.27230796682535,70.16140439417035,False,False,0.0
2022-06-06 10:16:26,IW26001627,Lac de la Gruyère,0.4937062552420869,2022-06-06T10:16:26,0.998569874665933,1.0,0.0,Landsat-9,1.0,99.7139749331866,49.22941315956688,False,False,0.0
2022-06-18 10:38:08,IW26001627,Lac de la Gruyère,0.5351648253950951,2022-06-18T10:38:08,0.9838534800533976,1.0,0.0,Sentinel-2,1.0,96.77069601067952,51.78827263391713,False,False,0.0
2022-06-23 10:38:16,IW26001627,Lac de la Gruyère,0.9133533418110342,2022-06-23T10:38:16,0.9959728714530028,1.0,0.0,Sentinel-2,1.0,99.19457429060057,90.59969591784294,False,False,0.0
2022-06-30 10:17:09,IW26001627,Lac de la Gruyère,0.898244335689913,2022-06-30T10:17:09,0.9989161120152948,1.0,0.0,Landsat-8,1.0,99.78322240305897,89.62971432043456,False,False,0.0
2022-07-07 10:22:55,IW26001627,Lac de la Gruyère,0.930240819830378,2022-07-07T10:22:55,0.9938042634243824,1.0,0.0,Landsat-8,1.0,98.76085268487648,91.87137656872669,False,False,0.0
2022-07-07 10:23:19,IW26001627,Lac de la Gruyère,0.921607224182216,2022-07-07T10:23:19,0.9940627104481976,1.0,0.0,Landsat-8,1.0,98.81254208963952,91.06635262962106,False,False,0.0
2022-07-08 10:16:44,IW26001627,Lac de la Gruyère,0.9405283303363514,2022-07-08T10:16:44,0.9990879236231496,1.0,0.0,Landsat-9,1.0,99.81758472462991,93.88126629926346,False,False,0.0
2022-07-08 10:38:09,IW26001627,Lac de la Gruyère,0.9414036746709354,2022-07-08T10:38:09,0.995460529650372,1.0,0.0,Sentinel-2,1.0,99.09210593007441,93.28567265345364,False,False,0.0
2022-07-13 08:46:52,IW26001627,Lac de la Gruyère,0.5030219614471283,2022-07-13T08:46:52,0.9657708816230296,1.0,0.0,Landsat-7,1.0,93.15417632460591,46.858596491794906,False,False,0.0
2022-07-13 08:47:16,IW26001627,Lac de la Gruyère,0.8678348890893756,2022-07-13T08:47:16,0.9657708816230296,1.0,0.0,Landsat-7,1.0,93.15417632460591,80.84244427887651,False,False,0.0
2022-07-13 10:38:17,IW26001627,Lac de la Gruyère,0.9483715481744416,2022-07-13T10:38:17,0.9968639695649486,1.0,0.0,Sentinel-2,1.0,99.37279391298972,94.24233040968178,False,False,0.0
2022-07-15 10:22:29,IW26001627,Lac de la Gruyère,0.9551556680215209,2022-07-15T10:22:29,0.9975793146394084,1.0,0.0,Landsat-9,1.0,99.51586292788168,95.05314053361893,False,False,0.0
2022-07-15 10:22:53,IW26001627,Lac de la Gruyère,0.949257889443402,2022-07-15T10:22:53,0.9976155467103944,1.0,0.0,Landsat-9,1.0,99.52310934207888,94.47309672490672,False,False,0.0
2022-07-16 10:17:07,IW26001627,Lac de la Gruyère,0.954142330016822,2022-07-16T10:17:07,0.9990925954571852,1.0,0.0,Landsat-8,1.0,99.81851909143704,95.24107438473237,False,False,0.0
2022-07-18 10:38:09,IW26001627,Lac de la Gruyère,0.930594251680838,2022-07-18T10:38:09,0.9963013325836352,1.0,0.0,Sentinel-2,1.0,99.26026651672703,92.37103344077413,False,False,0.0
2022-07-23 10:38:15,IW26001627,Lac de la Gruyère,0.4232912256202759,2022-07-23T10:38:15,0.9824540125258724,1.0,0.0,Sentinel-2,1.0,96.49080250517447,40.84371005349929,False,False,0.0
2022-07-24 10:16:52,IW26001627,Lac de la Gruyère,0.9348522468467244,2022-07-24T10:16:52,0.9988991120530428,1.0,0.0,Landsat-9,1.0,99.77982241060856,93.27939117052456,False,False,0.0
2022-07-25 08:40:32,IW26001627,Lac de la Gruyère,0.509066065325238,2022-07-25T08:40:32,0.9657708816230296,1.0,0.0,Landsat-7,1.0,93.15417632460591,47.42163001018057,False,False,0.0
2022-07-28 10:38:09,IW26001627,Lac de la Gruyère,0.9463952190202696,2022-07-28T10:38:09,0.994665824851497,1.0,0.0,Sentinel-2,1.0,98.9331649702994,93.62987433043496,False,False,0.0
2022-07-30 08:45:32,IW26001627,Lac de la Gruyère,0.5783472929058636,2022-07-30T08:45:32,0.9657708816230296,1.0,0.0,Landsat-7,1.0,93.15417632460591,53.87546570021132,False,False,0.0
2022-07-30 08:45:56,IW26001627,Lac de la Gruyère,0.8491030649405262,2022-07-30T08:45:56,0.9657708816230296,1.0,0.0,Landsat-7,1.0,93.15417632460591,79.09749662923309,False,False,0.0
2022-07-31 10:22:44,IW26001627,Lac de la Gruyère,0.9560974128222514,2022-07-31T10:22:44,0.9990261921956218,1.0,0.0,Landsat-9,1.0,99.80523843912437,95.42353025775472,False,False,0.0
2022-07-31 10:23:08,IW26001627,Lac de la Gruyère,0.927228369466942,2022-07-31T10:23:08,0.9990278051441432,1.0,0.0,Landsat-9,1.0,99.80556102882865,92.54254761649416,False,False,0.0
2022-08-01 10:17:20,IW26001627,Lac de la Gruyère,0.9548952400259668,2022-08-01T10:17:20,0.999209386592364,1.0,0.0,Landsat-8,1.0,99.84187731847281,95.33853340666623,False,False,0.0
2022-08-02 10:38:14,IW26001627,Lac de la Gruyère,0.9489521519697912,2022-08-02T10:38:14,0.9977959014560898,1.0,0.0,Sentinel-2,1.0,99.55918029121796,94.4768983856997,False,False,0.0
2022-08-08 10:23:10,IW26001627,Lac de la Gruyère,0.9425059789940836,2022-08-08T10:23:10,0.997105863853281,1.0,0.0,Landsat-8,1.0,99.42117277065621,93.70504977494726,False,False,0.0
2022-08-08 10:23:34,IW26001627,Lac de la Gruyère,0.9189625094729728,2022-08-08T10:23:34,0.9968490806946452,1.0,0.0,Landsat-8,1.0,99.36981613892904,91.31713560489814,False,False,0.0
2022-08-09 10:16:39,IW26001627,Lac de la Gruyère,0.3277872693002874,2022-08-09T10:16:39,0.999227997546733,1.0,0.0,Landsat-9,1.0,99.8455995093466,32.728116414818835,False,False,0.0
2022-08-09 10:17:03,IW26001627,Lac de la Gruyère,0.9562050972733376,2022-08-09T10:17:03,0.9991934539644022,1.0,0.0,Landsat-9,1.0,99.83869079288044,95.46626504124892,False,False,0.0
2022-08-11 08:39:07,IW26001627,Lac de la Gruyère,0.5819077121659655,2022-08-11T08:39:07,0.9657708816230296,1.0,0.0,Landsat-7,1.0,93.15417632460591,54.20713362375638,False,False,0.0
2022-08-12 10:38:16,IW26001627,Lac de la Gruyère,0.9491332494280744,2022-08-12T10:38:16,0.9967100587002304,1.0,0.0,Sentinel-2,1.0,99.34201174004609,94.28880640755186,False,False,0.0
2022-08-16 08:44:05,IW26001627,Lac de la Gruyère,0.6145574722382762,2022-08-16T08:44:05,0.9657708816230296,1.0,0.0,Landsat-7,1.0,93.15417632460591,57.24859513048848,False,False,0.0
2022-08-16 08:44:29,IW26001627,Lac de la Gruyère,0.8371512676085165,2022-08-16T08:44:29,0.9657708816230296,1.0,0.0,Landsat-7,1.0,93.15417632460591,77.9841367931711,False,False,0.0
2022-08-16 10:22:53,IW26001627,Lac de la Gruyère,0.956877110077172,2022-08-16T10:22:53,0.9991719170819716,1.0,0.0,Landsat-9,1.0,99.83438341639432,95.52923628981574,False,False,0.0
2022-08-16 10:23:17,IW26001627,Lac de la Gruyère,0.9174262519138204,2022-08-16T10:23:17,0.9991999226304308,1.0,0.0,Landsat-9,1.0,99.83998452608616,91.59582279490105,False,False,0.0
2022-08-22 10:38:17,IW26001627,Lac de la Gruyère,0.7322902712788649,2022-08-22T10:38:17,0.995200117267306,1.0,0.0,Sentinel-2,1.0,99.04002345346119,72.52604564220024,False,False,0.0
2022-08-25 10:16:44,IW26001627,Lac de la Gruyère,0.3069480530736377,2022-08-25T10:16:44,0.998624653512042,1.0,0.0,Landsat-9,1.0,99.7249307024084,30.610373322007696,False,False,0.0
2022-08-25 10:17:08,IW26001627,Lac de la Gruyère,0.950740821726416,2022-08-25T10:17:08,0.9991358937842444,1.0,0.0,Landsat-9,1.0,99.82717875684888,94.90977396191633,False,False,0.0
2022-08-27 10:38:04,IW26001627,Lac de la Gruyère,0.8929014565381611,2022-08-27T10:38:04,0.9953735599053908,1.0,0.0,Sentinel-2,1.0,99.07471198107815,88.46395463400349,False,False,0.0
2022-09-02 08:42:30,IW26001627,Lac de la Gruyère,0.6188762181043246,2022-09-02T08:42:30,0.9657708816230296,1.0,0.0,Landsat-7,1.0,93.15417632460591,57.65090434439552,False,False,0.0
2022-09-02 08:42:54,IW26001627,Lac de la Gruyère,0.7004682770106976,2022-09-02T08:42:54,0.96577148435292,1.0,0.0,Landsat-7,1.0,93.154296870584,65.251629825081,False,False,0.0
2022-09-11 10:38:15,IW26001627,Lac de la Gruyère,0.9485131316562418,2022-09-11T10:38:15,0.9863664896631656,1.0,0.0,Sentinel-2,1.0,97.27329793263313,92.26500044861248,False,False,0.0
2022-09-18 10:17:09,IW26001627,Lac de la Gruyère,0.3162832687175996,2022-09-18T10:17:09,0.9989948840590072,1.0,0.0,Landsat-8,1.0,99.79897681180144,31.564746600708485,False,False,0.0
2022-09-18 10:17:33,IW26001627,Lac de la Gruyère,0.9455558506006408,2022-09-18T10:17:33,0.9991789706775932,1.0,0.0,Landsat-8,1.0,99.83579413551864,94.4003192442008,False,False,0.0
2022-09-19 08:40:47,IW26001627,Lac de la Gruyère,0.5837752929171056,2022-09-19T08:40:47,0.965777523815632,1.0,0.0,Landsat-7,1.0,93.1555047631264,54.38188207993494,False,False,0.0
2022-09-19 08:41:11,IW26001627,Lac de la Gruyère,0.7999270761989191,2022-09-19T08:41:11,0.9657676936092572,1.0,0.0,Landsat-7,1.0,93.15353872185143,74.51603786735342,False,False,0.0
2022-09-21 10:38:11,IW26001627,Lac de la Gruyère,0.9422261447918612,2022-09-21T10:38:11,0.984054756412143,1.0,0.0,Sentinel-2,1.0,96.8109512824286,91.21780940047539,False,False,0.0
2022-10-06 08:38:53,IW26001627,Lac de la Gruyère,0.5532720594800699,2022-10-06T08:38:53,0.965777523815632,1.0,0.0,Landsat-7,1.0,93.1555047631264,51.540337972200405,False,False,0.0
2022-10-06 08:39:17,IW26001627,Lac de la Gruyère,0.7925801006097444,2022-10-06T08:39:17,0.965777523815632,1.0,0.0,Landsat-7,1.0,93.1555047631264,73.83319933751025,False,False,0.0
2022-10-06 10:38:01,IW26001627,Lac de la Gruyère,0.9346199255706098,2022-10-06T10:38:01,0.9920516718728816,1.0,0.0,Sentinel-2,1.0,98.41033437457631,91.97625938854533,False,False,0.0
2022-10-16 10:38:03,IW26001627,Lac de la Gruyère,0.4778572371140239,2022-10-16T10:38:03,0.9857787107552602,1.0,0.0,Sentinel-2,1.0,97.15574215105205,46.42657451406425,False,False,0.0
2022-10-19 10:23:32,IW26001627,Lac de la Gruyère,0.3053762959297635,2022-10-19T10:23:32,0.9976592505277604,1.0,0.0,Landsat-9,1.0,99.53185010555208,30.394667712269936,False,False,0.0
2022-10-26 10:38:03,IW26001627,Lac de la Gruyère,0.3363720259582411,2022-10-26T10:38:03,0.9894515250637754,1.0,0.0,Sentinel-2,1.0,97.89030501275508,32.92756021881059,False,False,0.0
2022-10-27 10:23:19,IW26001627,Lac de la Gruyère,0.9346137386443334,2022-10-27T10:23:19,0.9991634844495269,1.0,0.0,Landsat-8,1.0,99.83269688990536,93.30501007922096,False,False,0.0
2022-10-27 10:23:43,IW26001627,Lac de la Gruyère,0.9051722095378236,2022-10-27T10:23:43,0.9991856337547116,1.0,0.0,Landsat-8,1.0,99.83712675094232,90.36979261505822,False,False,0.0
2022-10-28 10:17:21,IW26001627,Lac de la Gruyère,0.6254511247190396,2022-10-28T10:17:21,0.9987525619643914,1.0,0.0,Landsat-9,1.0,99.75051239287829,62.389070167426226,False,False,0.0
2022-10-31 10:38:08,IW26001627,Lac de la Gruyère,0.9442448052663954,2022-10-31T10:38:08,0.9688355060681618,1.0,0.0,Sentinel-2,1.0,93.76710121363236,88.53909822586067,False,False,0.0
2022-11-20 10:23:33,IW26001627,Lac de la Gruyère,0.4001301353141686,2022-11-20T10:23:33,0.9848698869831216,0.5975640877950034,0.2661596958174905,Landsat-9,1.0,96.7678070092238,38.71971571265607,False,False,10.305627756220247
2022-11-25 10:38:03,IW26001627,Lac de la Gruyère,0.4674644296848853,2022-11-25T10:38:03,0.9033642333698108,1.0,0.0,Sentinel-2,1.0,80.67284667396216,37.71168626149991,False,False,0.0
2022-12-06 10:23:07,IW26001627,Lac de la Gruyère,0.7123292409191282,2022-12-06T10:23:07,0.9603963510696008,1.0,0.0,Landsat-9,1.0,92.07927021392015,65.59075665586903,False,False,0.0
2022-12-06 10:23:31,IW26001627,Lac de la Gruyère,0.9234857074075002,2022-12-06T10:23:31,0.961190048551341,1.0,0.0,Landsat-9,1.0,92.23800971026822,85.18048364714691,False,False,0.0
2022-12-20 10:38:02,IW26001627,Lac de la Gruyère,0.6713304984431694,2022-12-20T10:38:02,0.6566875279454747,0.5631246473264592,20.78012537729278,Sentinel-2,1.0,27.4490088092473,18.427356765682937,True,False,382.9227839629958
2023-01-07 10:23:08,IW26001627,Lac de la Gruyère,0.7715980534748667,2023-01-07T10:23:08,0.8784803102236245,1.0,0.0,Landsat-9,1.0,75.6960620447249,58.40693412942247,False,False,0.0
2023-01-07 10:23:32,IW26001627,Lac de la Gruyère,0.9192764972708206,2023-01-07T10:23:32,0.8730685776649555,1.0,0.0,Landsat-9,1.0,74.6137155329911,68.59063506352948,False,False,0.0
2023-01-19 10:37:59,IW26001627,Lac de la Gruyère,0.9483678463517744,2023-01-19T10:37:59,0.8115181999613676,0.6506365831800159,5.488101019912579,Sentinel-2,1.0,60.53777086198769,57.41207537532046,False,False,315.08326942259407
2023-01-31 10:23:04,IW26001627,Lac de la Gruyère,0.8644521719181015,2023-01-31T10:23:04,0.9120677506094176,0.6687435261959459,20.00358166189112,Landsat-8,1.0,72.6788381351411,62.827379478406876,False,False,1256.772615998934
2023-01-31 10:23:28,IW26001627,Lac de la Gruyère,0.8075435679620061,2023-01-31T10:23:28,0.912026538697085,0.6745366880495169,21.764931087289437,Landsat-8,1.0,72.06740727286706,58.19757120290209,False,False,1266.6661266787842
2023-02-03 10:38:01,IW26001627,Lac de la Gruyère,0.9458800829627284,2023-02-03T10:38:01,0.9155224359608288,0.5575709069689241,0.0325150382051698,Sentinel-2,1.0,83.08120957688422,78.58486140722707,False,False,2.555189771003962
2023-02-08 10:23:12,IW26001627,Lac de la Gruyère,0.5385534056273557,2023-02-08T10:23:12,0.9015215763735634,0.5697720251487515,4.086330935251799,Landsat-9,1.0,77.593038366861,41.787995065447056,False,False,170.75957695808583
2023-02-08 10:23:36,IW26001627,Lac de la Gruyère,0.5142592826598252,2023-02-08T10:23:36,0.8785992892644261,0.5757812853521685,2.313701923076924,Landsat-9,1.0,74.318596656897,38.21902820506074,False,False,88.42743905618022
2023-02-08 10:38:03,IW26001627,Lac de la Gruyère,0.8061612750562415,2023-02-08T10:38:03,0.7864328197418945,0.6007928822412498,17.738231917336396,Sentinel-2,1.0,50.70071541936637,40.87295338874004,False,False,725.0139263559513
2023-02-09 10:16:51,IW26001627,Lac de la Gruyère,0.4013992090426989,2023-02-09T10:16:51,0.9782708118878028,0.5307685356695675,0.0,Landsat-8,1.0,95.65416237756057,38.395505119994695,False,False,0.0
2023-02-09 10:17:14,IW26001627,Lac de la Gruyère,0.953473513948234,2023-02-09T10:17:14,0.8949963357129403,0.5363982047877792,1.246358044674652,Landsat-8,1.0,78.10538381202032,74.47141476152252,False,False,92.81804688632623
2023-02-13 10:38:02,IW26001627,Lac de la Gruyère,0.9462212035187983,2023-02-13T10:38:02,0.9437686302798454,0.5412245988845825,0.0,Sentinel-2,1.0,88.75372605596907,83.98065748545679,False,False,0.0
2023-02-16 10:22:56,IW26001627,Lac de la Gruyère,0.766375819928697,2023-02-16T10:22:56,0.9563605504896642,0.7650696936626588,17.320922703358967,Landsat-8,1.0,84.64544180801309,64.87021986884284,False,False,1123.6120640981278
2023-02-16 10:23:20,IW26001627,Lac de la Gruyère,0.6553636487154234,2023-02-16T10:23:20,0.9482987819280628,0.7523090041815219,20.17005196032121,Landsat-8,1.0,81.75350838393348,53.5782775497816,False,False,1080.6766421236064
2023-02-23 10:38:04,IW26001627,Lac de la Gruyère,0.7207194339370299,2023-02-23T10:38:04,0.9731530129192936,1.0,0.0,Sentinel-2,1.0,94.63060258385872,68.20211432735869,False,False,0.0
2023-02-24 08:21:26,IW26001627,Lac de la Gruyère,0.6597970640122532,2023-02-24T08:21:26,0.9541732783716538,1.0,0.0,Landsat-7,1.0,90.83465567433076,59.932439124487395,False,False,0.0
2023-02-24 10:22:57,IW26001627,Lac de la Gruyère,0.9278948155105315,2023-02-24T10:22:57,0.9891712705834648,1.0,0.0,Landsat-9,1.0,97.83425411669296,90.77989717421927,False,False,0.0
2023-02-24 10:23:21,IW26001627,Lac de la Gruyère,0.8930140557476535,2023-02-24T10:23:21,0.9897289448154766,1.0,0.0,Landsat-9,1.0,97.94578896309531,87.4669662453375,False,False,0.0
2023-02-28 10:38:01,IW26001627,Lac de la Gruyère,0.3862906175365931,2023-02-28T10:38:01,0.8017524541518721,0.5410162717617022,0.8443908323281062,Sentinel-2,1.0,59.91016434624146,23.142734382028397,False,False,19.541512747189238
2023-03-04 10:22:43,IW26001627,Lac de la Gruyère,0.436786034388738,2023-03-04T10:22:43,0.7688401663156972,1.0,0.0,Landsat-8,1.0,53.768033263139436,23.48512602588843,False,False,0.0
2023-03-04 10:23:07,IW26001627,Lac de la Gruyère,0.4537687768124013,2023-03-04T10:23:07,0.7692083751616474,0.513278196255366,0.20611473720371,Landsat-8,1.0,53.736173069193946,24.383797524187635,False,False,5.0258600187264095
2023-03-15 10:38:08,IW26001627,Lac de la Gruyère,0.8945126132458697,2023-03-15T10:38:08,0.8462249894167819,1.0,0.0,Sentinel-2,1.0,69.24499788335639,61.94052401084584,False,False,0.0
2023-03-20 10:22:35,IW26001627,Lac de la Gruyère,0.7972814543205274,2023-03-20T10:22:35,0.9816808404728704,1.0,0.0,Landsat-8,1.0,96.33616809457408,76.80704020210881,False,False,0.0
2023-03-20 10:22:58,IW26001627,Lac de la Gruyère,0.812014465802486,2023-03-20T10:22:58,0.9791747451924268,1.0,0.0,Landsat-8,1.0,95.83494903848535,77.81936494869416,False,False,0.0
2023-03-20 10:38:02,IW26001627,Lac de la Gruyère,0.6844275989258846,2023-03-20T10:38:02,0.968015376418326,1.0,0.0,Sentinel-2,1.0,93.6030752836652,64.06452806847778,False,False,0.0
