dt64,lic_result
2017-03-28,
2017-03-29,
2017-03-30,
2017-03-31,
2017-04-01,
2017-04-02,
2017-04-03,
2017-04-04,1.2763962296349537e-19
2017-04-05,2.340059754330749e-19
2017-04-06,3.1302098012476244e-19
2017-04-07,3.3429425061867836e-19
2017-04-08,3.190990574087384e-19
2017-04-09,2.8566963234687057e-19
2017-04-10,2.643963618529547e-19
2017-04-11,2.431230913590388e-19
2017-04-12,2.0969366629717094e-19
2017-04-13,1.862186433177331e-19
2017-04-14,1.8485417698867727e-19
2017-04-15,2.069647336390593e-19
2017-04-16,2.304397566184971e-19
2017-04-17,2.5003845479948087e-19
2017-04-18,2.5831828456897875e-19
2017-04-19,2.5003845479948087e-19
2017-04-20,2.4699941615749287e-19
2017-04-21,2.5003845479948087e-19
2017-04-22,2.643963618529547e-19
2017-04-23,2.792194278822431e-19
2017-04-24,3.0272546146006856e-19
2017-04-25,3.23192456395906e-19
2017-04-26,3.3491446258643105e-19
2017-04-27,3.3491446258643105e-19
2017-04-28,3.6431250985790667e-19
2017-04-29,3.9371055712938225e-19
2017-04-30,4.2310860440085783e-19
2017-05-01,4.2310860440085783e-19
2017-05-02,4.2310860440085783e-19
2017-05-03,4.2310860440085783e-19
2017-05-04,4.2310860440085783e-19
2017-05-05,4.2410094354926212e-19
2017-05-06,1.0100049559877226e-18
2017-05-07,2.9677462066127694e-18
2017-05-08,6.638814645292948e-18
2017-05-09,1.026779146846364e-17
2017-05-10,1.3736498076623434e-17
2017-05-11,1.6860814313647486e-17
2017-05-12,1.9564421236267928e-17
2017-05-13,2.1056461135712688e-17
2017-05-14,2.1178571879089656e-17
2017-05-15,2.1056461135712688e-17
2017-05-16,1.8352854213092243e-17
2017-05-17,1.5649247290471797e-17
2017-05-18,1.3067751111228317e-17
2017-05-19,8.71183407415221e-18
2017-05-20,4.355917037076105e-18
2017-05-21,2.0380078277537835e-17
2017-05-22,6.700820198944138e-17
2017-05-23,1.3124022717182844e-16
2017-05-24,1.8490586231472528e-16
2017-05-25,2.3621216312329054e-16
2017-05-26,2.734231952838686e-16
2017-05-27,3.129733159927775e-16
2017-05-28,3.3137041083670515e-16
2017-05-29,4.872318051240098e-16
2017-05-30,7.507805748118289e-16
2017-05-31,5.458014242171988e-15
2017-06-01,1.990224358023904e-14
2017-06-02,4.802753497242242e-14
2017-06-03,8.829877177841432e-14
2017-06-04,1.3694439995564432e-13
2017-06-05,1.7178912592657107e-13
2017-06-06,1.9004148590078199e-13
2017-06-07,1.9004148590078199e-13
2017-06-08,1.9004148590078199e-13
2017-06-09,2.0882237003957e-13
2017-06-10,2.3372227970199413e-13
2017-06-11,2.7068110233122967e-13
2017-06-12,3.04178667816182e-13
2017-06-13,3.326811038121826e-13
2017-06-14,3.6270226459638476e-13
2017-06-15,3.7740379838608213e-13
2017-06-16,3.909814361410952e-13
2017-06-17,3.909814361410952e-13
2017-06-18,3.909814361410952e-13
2017-06-19,3.7627990235139784e-13
2017-06-20,3.341998286003842e-13
2017-06-21,2.539550409234539e-13
2017-06-22,1.383294293327862e-13
2017-06-23,5.0082357703434765e-14
2017-06-24,0.0
2017-06-25,0.0
2017-06-26,0.0
2017-06-27,0.0
2017-06-28,0.0
2017-06-29,0.0
2017-06-30,0.0
2017-07-01,0.0
2017-07-02,0.0
2017-07-03,0.0
2017-07-04,0.0
2017-07-05,0.0
2017-07-06,0.0
2017-07-07,0.0
2017-07-08,0.0
2017-07-09,0.0
2017-07-10,0.0
2017-07-11,0.0
2017-07-12,0.0
2017-07-13,0.0
2017-07-14,0.0
2017-07-15,0.0
2017-07-16,0.0
2017-07-17,0.0
2017-07-18,0.0
2017-07-19,0.0
2017-07-20,0.0
2017-07-21,0.0
2017-07-22,0.0
2017-07-23,0.0
2017-07-24,0.0
2017-07-25,0.0
2017-07-26,0.0
2017-07-27,0.0
2017-07-28,0.0
2017-07-29,0.0
2017-07-30,0.0
2017-07-31,0.0
2017-08-01,0.0
2017-08-02,0.0
2017-08-03,0.0
2017-08-04,0.0
2017-08-05,0.0
2017-08-06,0.0
2017-08-07,0.0
2017-08-08,0.0
2017-08-09,0.0
2017-08-10,0.0
2017-08-11,0.0
2017-08-12,0.0
2017-08-13,0.0
2017-08-14,0.0
2017-08-15,0.0
2017-08-16,0.0
2017-08-17,0.0
2017-08-18,0.0
2017-08-19,0.0
2017-08-20,0.0
2017-08-21,0.0
2017-08-22,0.0
2017-08-23,0.0
2017-08-24,0.0
2017-08-25,0.0
2017-08-26,0.0
2017-08-27,0.0
2017-08-28,0.0
2017-08-29,0.0
2017-08-30,0.0
2017-08-31,0.0
2017-09-01,0.0
2017-09-02,0.0
2017-09-03,0.0
2017-09-04,0.0
2017-09-05,0.0
2017-09-06,0.0
2017-09-07,0.0
2017-09-08,0.0
2017-09-09,0.0
2017-09-10,0.0
2017-09-11,0.0
2017-09-12,0.0
2017-09-13,0.0
2017-09-14,0.0
2017-09-15,0.0
2017-09-16,0.0
2017-09-17,0.0
2017-09-18,0.0
2017-09-19,0.0
2017-09-20,0.0
2017-09-21,0.0
2017-09-22,0.0
2017-09-23,0.0
2017-09-24,4.549164479414351e-09
2017-09-25,1.0435085657079474e-08
2017-09-26,1.63210068347446e-08
2017-09-27,1.7657763532995372e-08
2017-09-28,1.7657763532995372e-08
2017-09-29,1.1771842355330247e-08
2017-09-30,5.885921177665124e-09
2017-10-01,0.0
2017-10-02,0.0
2017-10-03,0.0
2017-10-04,0.0
2017-10-05,0.0
2017-10-06,0.0
2017-10-07,0.0
2017-10-08,0.0
2017-10-09,0.0
2017-10-10,0.0
2017-10-11,0.0
2017-10-12,0.0
2017-10-13,0.0
2017-10-14,0.0
2017-10-15,0.0
2017-10-16,0.0
2017-10-17,0.00035847828091226146
2017-10-18,0.001346753726903135
2017-10-19,0.00315452787490845
2017-10-20,0.004603823742001503
2017-10-21,0.005423322444015944
2017-10-22,0.005423322444015944
2017-10-23,0.005423322444015944
2017-10-24,0.006096077604916432
2017-10-25,0.007023660496636182
2017-10-26,0.00890529312255047
2017-10-27,0.010677733148856372
2017-10-28,0.012530682112489713
2017-10-29,0.014191712719381076
2017-10-30,0.015337680810317602
2017-10-31,0.01664355836600593
2017-11-01,0.01729317191414086
2017-11-02,0.018032161678827856
2017-11-03,0.02260948416909608
2017-11-04,0.044326819725019735
2017-11-05,0.08939793550219521
2017-11-06,0.15934430661296564
2017-11-07,0.24644221085053666
2017-11-08,0.34910585319894905
2017-11-09,0.4657494386422438
2017-11-10,0.5947871721644615
2017-11-11,0.7346332587496431
2017-11-12,0.8837019033818296
2017-11-13,1.0404073110450618
2017-11-14,1.2031636867233804
2017-11-15,1.3703852354008264
2017-11-16,1.5404861620614405
2017-11-17,1.7118806716892638
2017-11-18,1.8829829692683366
2017-11-19,2.0522072597827
2017-11-20,2.2179677482163953
2017-11-21,2.378678639553463
2017-11-22,2.5327541387779435
2017-11-23,2.6786084508738788
2017-11-24,2.8146557808253085
2017-11-25,2.9393103336162745
2017-11-26,3.0184395769772117
2017-11-27,3.0558411032949437
2017-11-28,3.0558411032949437
2017-11-29,3.0558411032949437
2017-11-30,3.0558411032949437
2017-12-01,3.0558411032949437
2017-12-02,3.0558411032949437
2017-12-03,3.0558411032949437
2017-12-04,3.0558411032949437
2017-12-05,3.0558411032949437
2017-12-06,3.0257016533715997
2017-12-07,2.9466888153953477
2017-12-08,2.8131560955225967
2017-12-09,2.6503369142283453
2017-12-10,2.4727996445890565
2017-12-11,2.282765679790472
2017-12-12,2.082456413018329
2017-12-13,1.8740932374583685
2017-12-14,1.6598975462963292
2017-12-15,1.4420907327179509
2017-12-16,1.222894189908973
2017-12-17,1.004529311055134
2017-12-18,0.7892174893421746
2017-12-19,0.5791801179558337
2017-12-20,0.3766385900818509
2017-12-21,0.18367742682566737
2017-12-22,0.0016967888912324258
2017-12-23,0.0
2017-12-24,0.0
2017-12-25,0.0
2017-12-26,0.0
2017-12-27,0.0
2017-12-28,0.0
2017-12-29,0.0
2017-12-30,0.0
2017-12-31,0.0
2018-01-01,0.0
2018-01-02,0.0
2018-01-03,0.0
2018-01-04,0.0
2018-01-05,0.0
2018-01-06,0.0
2018-01-07,0.0
2018-01-08,0.0
2018-01-09,0.0
2018-01-10,0.0
2018-01-11,0.0
2018-01-12,0.0
2018-01-13,0.0
2018-01-14,0.0
2018-01-15,0.0
2018-01-16,0.0
2018-01-17,0.0
2018-01-18,0.0
2018-01-19,0.0
2018-01-20,0.0
2018-01-21,0.0
2018-01-22,0.0
2018-01-23,0.0
2018-01-24,0.0
2018-01-25,0.0
2018-01-26,0.0
2018-01-27,0.0
2018-01-28,0.0
2018-01-29,0.0
2018-01-30,0.0
2018-01-31,0.0
2018-02-01,0.0
2018-02-02,0.0
2018-02-03,0.026290284210700416
2018-02-04,0.12959127205059928
2018-02-05,0.23392719809096282
2018-02-06,0.3390557580721603
2018-02-07,0.44473464773456134
2018-02-08,0.5507215628185355
2018-02-09,0.6567741990644518
2018-02-10,0.7626502522126802
2018-02-11,0.8681074180035901
2018-02-12,0.9729033921775508
2018-02-13,1.076795870474932
2018-02-14,1.1795425486361033
2018-02-15,1.280901122401434
2018-02-16,1.3806292875112938
2018-02-17,1.4784847397060517
2018-02-18,1.574225174726078
2018-02-19,1.6676082883117411
2018-02-20,1.7583917762034116
2018-02-21,1.8463333341414587
2018-02-22,1.9311906578662519
2018-02-23,2.01272144311816
2018-02-24,2.0906833856375537
2018-02-25,2.1648341811648013
2018-02-26,2.2169413393406425
2018-02-27,2.2443046429785536
2018-02-28,2.248275242495793
2018-03-01,2.248275242495793
2018-03-02,2.248275242495793
2018-03-03,2.248275242495793
2018-03-04,2.248275242495793
2018-03-05,2.248275242495793
2018-03-06,2.248275242495793
2018-03-07,2.248275242495793
2018-03-08,2.248275242495793
2018-03-09,2.2000657616436103
2018-03-10,2.095666123910288
2018-03-11,1.9288861729639386
2018-03-12,1.7435357530219286
2018-03-13,1.5449864231754713
2018-03-14,1.338609742515778
2018-03-15,1.1297772701340614
2018-03-16,0.9238605651215335
2018-03-17,0.726231186569407
2018-03-18,0.542260693568894
2018-03-19,0.3773206452112068
2018-03-20,0.23678260058755773
2018-03-21,0.1260181187891591
2018-03-22,0.053683470435457604
2018-03-23,0.01878336104658022
2018-03-24,0.00935453779274726
2018-03-25,0.008821980111167665
2018-03-26,0.007694115378799064
2018-03-27,0.0066440878175123425
2018-03-28,0.005190173723103085
2018-03-29,0.0036794679554015323
2018-03-30,0.0019082594353628877
2018-03-31,0.0006447322978378737
2018-04-01,8.238613667268584e-05
2018-04-02,3.471261472047997e-05
2018-04-03,0.0
2018-04-04,0.0
2018-04-05,0.0
2018-04-06,0.0
2018-04-07,0.0
2018-04-08,0.0
2018-04-09,0.0
2018-04-10,0.0
2018-04-11,0.0
2018-04-12,0.0
2018-04-13,0.0
2018-04-14,0.0
2018-04-15,0.0
2018-04-16,0.0
2018-04-17,0.0
2018-04-18,0.0
2018-04-19,0.0
2018-04-20,0.0
2018-04-21,0.0
2018-04-22,0.0
2018-04-23,0.0
2018-04-24,0.0
2018-04-25,0.0
2018-04-26,0.0
2018-04-27,0.0
2018-04-28,0.0
2018-04-29,0.0
2018-04-30,0.0
2018-05-01,0.0
2018-05-02,0.0
2018-05-03,0.0
2018-05-04,0.0
2018-05-05,0.0
2018-05-06,0.0
2018-05-07,0.0
2018-05-08,0.0
2018-05-09,0.0
2018-05-10,0.0
2018-05-11,0.0
2018-05-12,0.0
2018-05-13,0.0
2018-05-14,0.0
2018-05-15,0.0
2018-05-16,0.0
2018-05-17,0.0
2018-05-18,0.0
2018-05-19,0.0
2018-05-20,0.0
2018-05-21,0.0
2018-05-22,0.0
2018-05-23,0.0
2018-05-24,0.0
2018-05-25,0.0
2018-05-26,0.0
2018-05-27,0.0
2018-05-28,0.0
2018-05-29,0.0
2018-05-30,0.0
2018-05-31,0.0
2018-06-01,0.0
2018-06-02,0.0
2018-06-03,0.0
2018-06-04,0.0
2018-06-05,0.0
2018-06-06,0.0
2018-06-07,0.0
2018-06-08,0.0
2018-06-09,0.0
2018-06-10,0.0
2018-06-11,0.0
2018-06-12,0.0
2018-06-13,0.0
2018-06-14,1.3241225237208578e-17
2018-06-15,2.6482450474417155e-17
2018-06-16,3.9723675711625733e-17
2018-06-17,2.6482450474417155e-17
2018-06-18,1.3241225237208578e-17
2018-06-19,0.0
2018-06-20,0.0
2018-06-21,0.0
2018-06-22,5.870217731610643e-20
2018-06-23,1.1740435463221285e-19
2018-06-24,1.7610653194831926e-19
2018-06-25,1.1740435463221285e-19
2018-06-26,5.870217731610643e-20
2018-06-27,0.0
2018-06-28,0.0
2018-06-29,0.0
2018-06-30,0.0
2018-07-01,0.0
2018-07-02,0.0
2018-07-03,0.0
2018-07-04,0.0
2018-07-05,0.0
2018-07-06,0.0
2018-07-07,0.0
2018-07-08,0.0
2018-07-09,0.0
2018-07-10,0.0
2018-07-11,0.0
2018-07-12,0.0
2018-07-13,0.0
2018-07-14,0.0
2018-07-15,0.0
2018-07-16,0.0
2018-07-17,0.0
2018-07-18,0.0
2018-07-19,0.0
2018-07-20,0.0
2018-07-21,0.0
2018-07-22,0.0
2018-07-23,0.0
2018-07-24,0.0
2018-07-25,0.0
2018-07-26,0.0
2018-07-27,0.0
2018-07-28,0.0
2018-07-29,0.0
2018-07-30,0.0
2018-07-31,0.0
2018-08-01,0.0
2018-08-02,0.0
2018-08-03,0.0
2018-08-04,0.0
2018-08-05,0.0
2018-08-06,0.0
2018-08-07,0.0
2018-08-08,0.0
2018-08-09,0.0
2018-08-10,0.0
2018-08-11,0.0
2018-08-12,0.0
2018-08-13,0.0
2018-08-14,0.0
2018-08-15,0.0
2018-08-16,0.0
2018-08-17,0.0
2018-08-18,0.0
2018-08-19,0.0
2018-08-20,0.0
2018-08-21,0.0
2018-08-22,0.0
2018-08-23,0.0
2018-08-24,0.0
2018-08-25,0.0
2018-08-26,0.0
2018-08-27,0.0
2018-08-28,0.0
2018-08-29,0.0
2018-08-30,0.0
2018-08-31,0.0
2018-09-01,0.0
2018-09-02,0.0
2018-09-03,0.0
2018-09-04,0.0
2018-09-05,0.0
2018-09-06,0.0
2018-09-07,0.0
2018-09-08,0.0
2018-09-09,0.0
2018-09-10,0.0
2018-09-11,0.0
2018-09-12,0.0
2018-09-13,0.0
2018-09-14,0.0
2018-09-15,0.0
2018-09-16,0.0
2018-09-17,0.0
2018-09-18,0.0
2018-09-19,0.0
2018-09-20,6.191493161303275e-13
2018-09-21,1.9655645918607744e-12
2018-09-22,3.420096511061013e-12
2018-09-23,4.565053772196088e-12
2018-09-24,1.2354330896809605e-11
2018-09-25,2.936651484863104e-11
2018-09-26,4.606912414238732e-11
2018-09-27,5.540014761306503e-11
2018-09-28,5.540014761306503e-11
2018-09-29,5.540014761306503e-11
2018-09-30,5.540014761306503e-11
2018-10-01,3.693343174204335e-11
2018-10-02,1.8466715871021675e-11
2018-10-03,0.0
2018-10-04,0.0
2018-10-05,0.0
2018-10-06,0.0
2018-10-07,1.6330800924618853e-10
2018-10-08,5.54745789878279e-10
2018-10-09,1.1730597379993665e-09
2018-10-10,1.6280656768742653e-09
2018-10-11,1.8549418443632625e-09
2018-10-12,1.8549418443632625e-09
2018-10-13,1.8549418443632625e-09
2018-10-14,1.236627896242175e-09
2018-10-15,6.183139481210875e-10
2018-10-16,0.0
2018-10-17,0.0
2018-10-18,0.0
2018-10-19,0.0
2018-10-20,0.0
2018-10-21,0.0
2018-10-22,0.0
2018-10-23,0.0
2018-10-24,0.0
2018-10-25,6.913197742296917e-07
2018-10-26,2.3722566997175427e-06
2018-10-27,4.798937067776561e-06
2018-10-28,6.828560091060014e-06
2018-10-29,8.711051899616407e-06
2018-10-30,9.84780026560163e-06
2018-10-31,9.553537836147502e-06
2018-11-01,8.416789470162279e-06
2018-11-02,7.280041104177057e-06
2018-11-03,1.8411960335094447e-05
2018-11-04,4.595980901883576e-05
2018-11-05,8.20796472641196e-05
2018-11-06,0.00011509155898636142
2018-11-07,0.00014578629930453758
2018-11-08,0.00016844920851095315
2018-11-09,0.0001914722233505566
2018-11-10,0.00020146895863708023
2018-11-11,0.0004016344231557705
2018-11-12,0.0011559758546918874
2018-11-13,0.00275276895226719
2018-11-14,0.005263120292028117
2018-11-15,0.008555700587787166
2018-11-16,0.012569846558013341
2018-11-17,0.017244894921175636
2018-11-18,0.02252018239574306
2018-11-19,0.028335045700184597
2018-11-20,0.034628821552969265
2018-11-21,0.041340846672566066
2018-11-22,0.04841045777744398
2018-11-23,0.055776991586072
2018-11-24,0.06337978481691918
2018-11-25,0.07115817418845444
2018-11-26,0.07905149641914684
2018-11-27,0.08699908822746537
2018-11-28,0.09494028633187901
2018-11-29,0.10281442745085678
2018-11-30,0.11056084830286765
2018-12-01,0.11811888560638066
2018-12-02,0.1254278760798648
2018-12-03,0.13242715644178904
2018-12-04,0.1390560634106224
2018-12-05,0.14488776407739848
2018-12-06,0.14850308872328222
2018-12-07,0.15004571623981425
2018-12-08,0.15004571623981425
2018-12-09,0.15004571623981425
2018-12-10,0.15004571623981425
2018-12-11,0.15004571623981425
2018-12-12,0.15004571623981425
2018-12-13,0.15004571623981425
2018-12-14,0.15004571623981425
2018-12-15,0.15004571623981425
2018-12-16,0.1458225408587048
2018-12-17,0.13689588053070045
2018-12-18,0.12303972541058485
2018-12-19,0.10850554075482016
2018-12-20,0.09401267267059527
2018-12-21,0.0800627019925067
2018-12-22,0.06689589122804022
2018-12-23,0.05453473761208923
2018-12-24,0.04295818532502873
2018-12-25,0.03214517854723366
2018-12-26,0.022074661459079017
2018-12-27,0.012725578240939736
2018-12-28,0.004076873073190799
2018-12-29,0.0
2018-12-30,0.0
2018-12-31,0.0
2019-01-01,0.0
2019-01-02,0.0
2019-01-03,0.0
2019-01-04,0.0
2019-01-05,0.0
2019-01-06,0.0
2019-01-07,0.0
2019-01-08,0.0
2019-01-09,0.0
2019-01-10,0.0
2019-01-11,0.0
2019-01-12,0.0
2019-01-13,0.0
2019-01-14,0.0
2019-01-15,0.0
2019-01-16,0.0
2019-01-17,0.0
2019-01-18,0.0
2019-01-19,0.0
2019-01-20,0.0
2019-01-21,0.0
2019-01-22,0.0
2019-01-23,0.0
2019-01-24,0.0
2019-01-25,0.0
2019-01-26,0.0
2019-01-27,0.0
2019-01-28,0.0
2019-01-29,0.0
2019-01-30,0.0
2019-01-31,0.0
2019-02-01,0.0
2019-02-02,0.0
2019-02-03,0.0
2019-02-04,0.0
2019-02-05,0.0
2019-02-06,0.0
2019-02-07,0.0
2019-02-08,0.0
2019-02-09,0.0
2019-02-10,0.0
2019-02-11,0.0
2019-02-12,0.0
2019-02-13,0.0
2019-02-14,0.0
2019-02-15,0.0
2019-02-16,0.0
2019-02-17,0.0
2019-02-18,0.0
2019-02-19,2.2957247878305275e-05
2019-02-20,5.719808704825487e-05
2019-02-21,9.143892621820447e-05
2019-02-22,0.00010272251750984879
2019-02-23,0.00010272251750984879
2019-02-24,0.00010272251750984879
2019-02-25,0.00010272251750984879
2019-02-26,9.143892621820446e-05
2019-02-27,5.719808704825487e-05
2019-02-28,2.2957247878305275e-05
2019-03-01,0.0
2019-03-02,0.0
2019-03-03,0.0
2019-03-04,3.42408391699496e-05
2019-03-05,0.0001344298523326549
2019-03-06,0.0002556688338030406
2019-03-07,0.00042287771676428947
2019-03-08,0.0006238509618587982
2019-03-09,0.0008106460531262213
2019-03-10,0.0009615457677247743
2019-03-11,0.0011411560321885337
2019-03-12,0.003142084951114444
2019-03-13,0.007601282649681021
2019-03-14,0.015195420139256482
2019-03-15,0.025071893828934433
2019-03-16,0.03726419309234625
2019-03-17,0.05067747829111569
2019-03-18,0.06271607646203924
2019-03-19,0.07008310342601443
2019-03-20,0.07296578157763188
2019-03-21,0.07311262008805001
2019-03-22,0.07311262008805001
2019-03-23,0.07311262008805001
2019-03-24,0.07311262008805001
2019-03-25,0.07311262008805001
2019-03-26,0.07311262008805001
2019-03-27,0.07311262008805001
2019-03-28,0.07311262008805001
2019-03-29,0.07311262008805001
2019-03-30,0.07311262008805001
2019-03-31,0.07311262008805001
2019-04-01,0.07311262008805001
2019-04-02,0.07311262008805001
2019-04-03,0.07311262008805001
2019-04-04,0.07311262008805001
2019-04-05,0.07151859709500274
2019-04-06,0.06764527321514967
2019-04-07,0.060994094402956535
2019-04-08,0.052847253454160824
2019-04-09,0.043764921913435624
2019-04-10,0.0343072713254541
2019-04-11,0.025034473234889356
2019-04-12,0.016506699186414533
2019-04-13,0.009284120724702744
2019-04-14,0.003972040956184871
2019-04-15,0.0011224558021367666
2019-04-16,0.00012013664336844178
2019-04-17,0.00011199943183942104
2019-04-18,0.00010925558124986155
2019-04-19,0.0001064046817651574
2019-04-20,0.00010143244343503298
2019-04-21,9.582183954553515e-05
2019-04-22,8.965213917283488e-05
2019-04-23,8.131353850901177e-05
2019-04-24,7.417239988776451e-05
2019-04-25,6.840980419841584e-05
2019-04-26,6.708943944546108e-05
2019-04-27,6.708943944546108e-05
2019-04-28,6.36794434775545e-05
2019-04-29,6.026944750964792e-05
2019-04-30,5.685945154174135e-05
2019-05-01,5.685945154174135e-05
2019-05-02,5.209869246090984e-05
2019-05-03,4.2804507363773945e-05
2019-05-04,2.9461960739358008e-05
2019-05-05,1.75746075820152e-05
2019-05-06,8.02123304167705e-06
2019-05-07,2.4106291521791976e-06
2019-05-08,1.0559087643972914e-07
2019-05-09,0.0
2019-05-10,0.0
2019-05-11,0.0
2019-05-12,0.0
2019-05-13,0.0
2019-05-14,0.0
2019-05-15,0.0
2019-05-16,0.0
2019-05-17,0.0
2019-05-18,0.0
2019-05-19,0.0
2019-05-20,0.0
2019-05-21,0.0
2019-05-22,0.0
2019-05-23,0.0
2019-05-24,0.0
2019-05-25,0.0
2019-05-26,0.0
2019-05-27,0.0
2019-05-28,0.0
2019-05-29,0.0
2019-05-30,0.0
2019-05-31,0.0
2019-06-01,0.0
2019-06-02,0.0
2019-06-03,0.0
2019-06-04,0.0
2019-06-05,0.0
2019-06-06,0.0
2019-06-07,0.0
2019-06-08,0.0
2019-06-09,0.0
2019-06-10,0.0
2019-06-11,0.0
2019-06-12,0.0
2019-06-13,0.0
2019-06-14,0.0
2019-06-15,0.0
2019-06-16,0.0
2019-06-17,0.0
2019-06-18,0.0
2019-06-19,0.0
2019-06-20,0.0
2019-06-21,0.0
2019-06-22,0.0
2019-06-23,0.0
2019-06-24,0.0
2019-06-25,0.0
2019-06-26,0.0
2019-06-27,0.0
2019-06-28,0.0
2019-06-29,0.0
2019-06-30,0.0
2019-07-01,0.0
2019-07-02,0.0
2019-07-03,0.0
2019-07-04,0.0
2019-07-05,0.0
2019-07-06,0.0
2019-07-07,0.0
2019-07-08,0.0
2019-07-09,0.0
2019-07-10,0.0
2019-07-11,0.0
2019-07-12,0.0
2019-07-13,0.0
2019-07-14,0.0
2019-07-15,0.0
2019-07-16,0.0
2019-07-17,0.0
2019-07-18,0.0
2019-07-19,0.0
2019-07-20,0.0
2019-07-21,0.0
2019-07-22,0.0
2019-07-23,0.0
2019-07-24,0.0
2019-07-25,0.0
2019-07-26,0.0
2019-07-27,0.0
2019-07-28,0.0
2019-07-29,0.0
2019-07-30,0.0
2019-07-31,0.0
2019-08-01,0.0
2019-08-02,0.0
2019-08-03,0.0
2019-08-04,0.0
2019-08-05,0.0
2019-08-06,0.0
2019-08-07,0.0
2019-08-08,0.0
2019-08-09,0.0
2019-08-10,0.0
2019-08-11,0.0
2019-08-12,0.0
2019-08-13,0.0
2019-08-14,0.0
2019-08-15,0.0
2019-08-16,0.0
2019-08-17,0.0
2019-08-18,0.0
2019-08-19,0.0
2019-08-20,0.0
2019-08-21,0.0
2019-08-22,0.0
2019-08-23,0.0
2019-08-24,0.0
2019-08-25,0.0
2019-08-26,0.0
2019-08-27,0.0
2019-08-28,0.0
2019-08-29,0.0
2019-08-30,0.0
2019-08-31,0.0
2019-09-01,0.0
2019-09-02,0.0
2019-09-03,0.0
2019-09-04,0.0
2019-09-05,0.0
2019-09-06,0.0
2019-09-07,0.0
2019-09-08,0.0
2019-09-09,0.0
2019-09-10,0.0
2019-09-11,0.0
2019-09-12,0.0
2019-09-13,0.0
2019-09-14,8.981118242580717e-10
2019-09-15,1.7817464423358342e-08
2019-09-16,3.4736817022458615e-08
2019-09-17,5.0758057797300816e-08
2019-09-18,5.0758057797300816e-08
2019-09-19,7.567695225790373e-08
2019-09-20,1.085953885800093e-07
2019-09-21,1.4997350120166503e-07
2019-09-22,4.650950218473224e-07
2019-09-23,1.3243235435989932e-06
2019-09-24,2.662959327206504e-06
2019-09-25,3.813751548243278e-06
2019-09-26,4.412437226312535e-06
2019-09-27,4.523255966226402e-06
2019-09-28,4.523255966226402e-06
2019-09-29,4.523255966226402e-06
2019-09-30,4.523255966226402e-06
2019-10-01,4.523255966226402e-06
2019-10-02,5.0199531392369835e-06
2019-10-03,4.909134399323116e-06
2019-10-04,3.4013824105809825e-06
2019-10-05,1.3969332488282668e-06
2019-10-06,0.0
2019-10-07,0.0
2019-10-08,0.0
2019-10-09,7.459332765017642e-06
2019-10-10,2.6383191915377007e-05
2019-10-11,5.5320035116546585e-05
2019-10-12,7.679754555269852e-05
2019-10-13,8.681052960350872e-05
2019-10-14,8.681052960350872e-05
2019-10-15,8.681052960350872e-05
2019-10-16,0.00016626137700330264
2019-10-17,0.002357459413850034
2019-10-18,0.008370692706674865
2019-10-19,0.019673039038839588
2019-10-20,0.03572335895389003
2019-10-21,0.05624714952571943
2019-10-22,0.08107829551882191
2019-10-23,0.11005068169769168
2019-10-24,0.14299819282682283
2019-10-25,0.17975471367070964
2019-10-26,0.22015412899384623
2019-10-27,0.2640303235607268
2019-10-28,0.31121718213584537
2019-10-29,0.3615485894836963
2019-10-30,0.4148584303687737
2019-10-31,0.4709805895555716
2019-11-01,0.5297489518085844
2019-11-02,0.590997401892306
2019-11-03,0.6545598245712309
2019-11-04,0.720270104609853
2019-11-05,0.7879621267726665
2019-11-06,0.8574697758241658
2019-11-07,0.9286269365288448
2019-11-08,1.0012674936511978
2019-11-09,1.0752253319557188
2019-11-10,1.1503343362069023
2019-11-11,1.226428391169242
2019-11-12,1.3033413816072326
2019-11-13,1.380907192285368
2019-11-14,1.458959707968142
2019-11-15,1.5373328134200495
2019-11-16,1.6158603934055844
2019-11-17,1.6943763326892405
2019-11-18,1.7727145160355124
2019-11-19,1.8507088282088937
2019-11-20,1.9281931539738792
2019-11-21,2.005001378094963
2019-11-22,2.0809673853366397
2019-11-23,2.1559250604634017
2019-11-24,2.2297082882397454
2019-11-25,2.3021509534301634
2019-11-26,2.3730869407991504
2019-11-27,2.4423501351112002
2019-11-28,2.509774421130808
2019-11-29,2.575193683622467
2019-11-30,2.638441807350672
2019-12-01,2.6993526770799163
2019-12-02,2.757760177574695
2019-12-03,2.8134981935995014
2019-12-04,2.8664006099188306
2019-12-05,2.916301311297176
2019-12-06,2.952381277404315
2019-12-07,2.971809219136949
2019-12-08,2.9756410798872412
2019-12-09,2.9756410798872412
2019-12-10,2.9756410798872412
2019-12-11,2.9756410798872412
2019-12-12,2.9756410798872412
2019-12-13,2.9756410798872412
2019-12-14,2.9756410798872412
2019-12-15,2.9756410798872412
2019-12-16,2.9756410798872412
2019-12-17,2.9452963065956634
2019-12-18,2.878952272993121
2019-12-19,2.7716737942751912
2019-12-20,2.6495897611439942
2019-12-21,2.5148580802444207
2019-12-22,2.369636658221362
2019-12-23,2.2160834017197106
2019-12-24,2.0563562173843586
2019-12-25,1.8926130118601971
2019-12-26,1.7270116917921186
2019-12-27,1.5617101638250144
2019-12-28,1.3988663346037764
2019-12-29,1.2406381107732967
2019-12-30,1.0891833989784663
2019-12-31,0.9466601058641779
2020-01-01,0.8152261380753227
2020-01-02,0.697039402256793
2020-01-03,0.5942578050534801
2020-01-04,0.5090392531102762
2020-01-05,0.4435416530720728
2020-01-06,0.399943091310958
2020-01-07,0.378399897850531
2020-01-08,0.3716328050143675
2020-01-09,0.37161262528717137
2020-01-10,0.3716093780103431
2020-01-11,0.3716093780103431
2020-01-12,0.3716093780103431
2020-01-13,0.3716093780103431
2020-01-14,0.3716093780103431
2020-01-15,0.3716093780103431
2020-01-16,0.37160558393493276
2020-01-17,0.3711434443947223
2020-01-18,0.3696520228273997
2020-01-19,0.36659110778145404
2020-01-20,0.36189438207933416
2020-01-21,0.35563505067639145
2020-01-22,0.3478825244525669
2020-01-23,0.33870621428780123
2020-01-24,0.32817553106203556
2020-01-25,0.3163598856552107
2020-01-26,0.30332868894726767
2020-01-27,0.28915135181814744
2020-01-28,0.27389728514779077
2020-01-29,0.25763589981613877
2020-01-30,0.24043660670313227
2020-01-31,0.22236881668871225
2020-02-01,0.20350194065281968
2020-02-02,0.1839053894753954
2020-02-03,0.16364857403638042
2020-02-04,0.14280090521571562
2020-02-05,0.12143179389334198
2020-02-06,0.09961065094920041
2020-02-07,0.08073117135034107
2020-02-08,0.06823117077845797
2020-02-09,0.06071780060917966
2020-02-10,0.05114835705880863
2020-02-11,0.04113138408283712
2020-02-12,0.026110849898802746
2020-02-13,0.017335475178030222
2020-02-14,0.009909577490589194
2020-02-15,0.009909577490589194
2020-02-16,0.009909577490589194
2020-02-17,0.009909577490589194
2020-02-18,0.009909577490589194
2020-02-19,0.009909577490589194
2020-02-20,0.018684952211361714
2020-02-21,0.03152952761782686
2020-02-22,0.04897239828123939
2020-02-23,0.05854184183161043
2020-02-24,0.25838381466570776
2020-02-25,0.7343135335992449
2020-02-26,1.5610295170909414
2020-02-27,2.606252255875827
2020-02-28,3.8349558139508653
2020-02-29,5.2176144981776975
2020-03-01,6.724702615417964
2020-03-02,8.326694472533307
2020-03-03,9.994064376385369
2020-03-04,11.69728663383579
2020-03-05,13.406835551746214
2020-03-06,15.093185436978281
2020-03-07,16.72681059639363
2020-03-08,18.278185336853905
2020-03-09,19.717783965220747
2020-03-10,21.016080788355804
2020-03-11,22.07042852861774
2020-03-12,22.688730028597064
2020-03-13,23.00104937225346
2020-03-14,23.07417095675643
2020-03-15,23.1472925412594
2020-03-16,23.1472925412594
2020-03-17,23.1472925412594
2020-03-18,23.1472925412594
2020-03-19,23.1472925412594
2020-03-20,23.1472925412594
2020-03-21,23.1472925412594
2020-03-22,23.07417095675643
2020-03-23,23.00104937225346
2020-03-24,22.92792778775049
2020-03-25,22.60853204670933
2020-03-26,22.14430987249443
2020-03-27,21.680087698279525
2020-03-28,20.36013430466396
2020-03-29,17.08968307552261
2020-03-30,11.564622768416235
2020-03-31,5.569430653760956
2020-04-01,1.6666727366331793
2020-04-02,0.013691348394827904
2020-04-03,0.005968728147206556
2020-04-04,0.0011361790716048357
2020-04-05,0.0010339818826559238
2020-04-06,0.0008446187040551178
2020-04-07,0.0004875219044698399
2020-04-08,0.00021099273621714
2020-04-09,2.1629557616334057e-05
2020-04-10,0.0
2020-04-11,0.0
2020-04-12,0.0
2020-04-13,0.0
2020-04-14,0.0
2020-04-15,0.0
2020-04-16,0.0
2020-04-17,0.0
2020-04-18,0.0
2020-04-19,0.0
2020-04-20,0.0
2020-04-21,0.0
2020-04-22,0.0
2020-04-23,0.0
2020-04-24,0.0
2020-04-25,0.0
2020-04-26,0.0
2020-04-27,0.0
2020-04-28,0.0
2020-04-29,0.0
2020-04-30,0.0
2020-05-01,7.977975478402802e-10
2020-05-02,2.0751781961840245e-09
2020-05-03,3.3525588445277684e-09
2020-05-04,3.8321419450312325e-09
2020-05-05,3.8321419450312325e-09
2020-05-06,3.8321419450312325e-09
2020-05-07,3.6252756489692473e-09
2020-05-08,3.145692548465783e-09
2020-05-09,2.6200464476924217e-09
2020-05-10,1.98135612352055e-09
2020-05-11,1.3471886583451567e-09
2020-05-12,6.109600649087863e-10
2020-05-13,1.9011219495901967e-10
2020-05-14,3.745827045425264e-11
2020-05-15,3.292847448036069e-11
2020-05-16,3.292847448036069e-11
2020-05-17,3.292847448036069e-11
2020-05-18,3.292847448036069e-11
2020-05-19,3.292847448036069e-11
2020-05-20,2.2392808101368918e-11
2020-05-21,1.1416649941248685e-11
2020-05-22,4.404917811284562e-13
2020-05-23,0.0
2020-05-24,0.0
2020-05-25,0.0
2020-05-26,0.0
2020-05-27,0.0
2020-05-28,0.0
2020-05-29,0.0
2020-05-30,0.0
2020-05-31,0.0
2020-06-01,0.0
2020-06-02,0.0
2020-06-03,0.0
2020-06-04,0.0
2020-06-05,0.0
2020-06-06,0.0
2020-06-07,0.0
2020-06-08,0.0
2020-06-09,0.0
2020-06-10,0.0
2020-06-11,0.0
2020-06-12,0.0
2020-06-13,0.0
2020-06-14,0.0
2020-06-15,0.0
2020-06-16,0.0
2020-06-17,0.0
2020-06-18,0.0
2020-06-19,0.0
2020-06-20,0.0
2020-06-21,0.0
2020-06-22,0.0
2020-06-23,0.0
2020-06-24,0.0
2020-06-25,0.0
2020-06-26,0.0
2020-06-27,0.0
2020-06-28,0.0
2020-06-29,0.0
2020-06-30,0.0
2020-07-01,0.0
2020-07-02,0.0
2020-07-03,0.0
2020-07-04,0.0
2020-07-05,0.0
2020-07-06,0.0
2020-07-07,0.0
2020-07-08,0.0
2020-07-09,0.0
2020-07-10,0.0
2020-07-11,0.0
2020-07-12,0.0
2020-07-13,0.0
2020-07-14,0.0
2020-07-15,0.0
2020-07-16,0.0
2020-07-17,0.0
2020-07-18,0.0
2020-07-19,0.0
2020-07-20,0.0
2020-07-21,0.0
2020-07-22,0.0
2020-07-23,0.0
2020-07-24,0.0
2020-07-25,0.0
2020-07-26,0.0
2020-07-27,0.0
2020-07-28,0.0
2020-07-29,0.0
2020-07-30,0.0
2020-07-31,0.0
2020-08-01,0.0
2020-08-02,0.0
2020-08-03,0.0
2020-08-04,0.0
2020-08-05,0.0
2020-08-06,0.0
2020-08-07,0.0
2020-08-08,0.0
2020-08-09,0.0
2020-08-10,0.0
2020-08-11,0.0
2020-08-12,0.0
2020-08-13,0.0
2020-08-14,0.0
2020-08-15,0.0
2020-08-16,0.0
2020-08-17,0.0
2020-08-18,0.0
2020-08-19,0.0
2020-08-20,0.0
2020-08-21,0.0
2020-08-22,0.0
2020-08-23,0.0
2020-08-24,0.0
2020-08-25,0.0
2020-08-26,0.0
2020-08-27,0.0
2020-08-28,0.0
2020-08-29,0.0
2020-08-30,0.0
2020-08-31,0.0
2020-09-01,0.0
2020-09-02,0.0
2020-09-03,0.0
2020-09-04,0.0
2020-09-05,0.0
2020-09-06,0.0
2020-09-07,0.0
2020-09-08,0.0
2020-09-09,0.0
2020-09-10,0.0
2020-09-11,0.0
2020-09-12,0.0
2020-09-13,0.0
2020-09-14,0.0
2020-09-15,0.0
2020-09-16,0.0
2020-09-17,0.0
2020-09-18,0.0
2020-09-19,0.0
2020-09-20,0.0
2020-09-21,0.0
2020-09-22,0.0
2020-09-23,0.0
2020-09-24,0.0
2020-09-25,0.0
2020-09-26,0.0
2020-09-27,0.0
2020-09-28,0.0
2020-09-29,0.0
2020-09-30,0.0
2020-10-01,0.0
2020-10-02,0.0
2020-10-03,0.0
2020-10-04,0.0
2020-10-05,0.0
2020-10-06,0.0
2020-10-07,0.0
2020-10-08,0.0
2020-10-09,0.0
2020-10-10,0.0
2020-10-11,0.0
2020-10-12,0.0
2020-10-13,0.0
2020-10-14,0.0
2020-10-15,0.0
2020-10-16,0.0
2020-10-17,0.0
2020-10-18,0.0
2020-10-19,0.0
2020-10-20,0.0
2020-10-21,0.0
2020-10-22,0.0
2020-10-23,0.0
2020-10-24,0.0
2020-10-25,0.0
2020-10-26,0.0
2020-10-27,0.0
2020-10-28,0.0
2020-10-29,0.0
2020-10-30,0.0
2020-10-31,0.0
2020-11-01,0.0
2020-11-02,0.0
2020-11-03,0.0010857142741059478
2020-11-04,0.008588113907242937
2020-11-05,0.023451921793885822
2020-11-06,0.03831572968052871
2020-11-07,0.04621999507108757
2020-11-08,0.04621999507108757
2020-11-09,0.04621999507108757
2020-11-10,0.04621999507108757
2020-11-11,0.04621999507108757
2020-11-12,0.04629319231604312
2020-11-13,0.046366389560998665
2020-11-14,0.046439586805954204
2020-11-15,0.046439586805954204
2020-11-16,0.046439586805954204
2020-11-17,0.046439586805954204
2020-11-18,0.046439586805954204
2020-11-19,0.046439586805954204
2020-11-20,0.046439586805954204
2020-11-21,0.046439586805954204
2020-11-22,0.046439586805954204
2020-11-23,1.6410457601581403
2020-11-24,5.417456053941272
2020-11-25,11.854560514824357
2020-11-26,19.728335115714447
2020-11-27,28.713856155382285
2020-11-28,38.4861999325986
2020-11-29,48.720442746134125
2020-11-30,59.09166089475959
2020-12-01,69.1570808460177
2020-12-02,75.72932544759742
2020-12-03,78.87104415487849
2020-12-04,78.87104415487849
2020-12-05,78.87104415487849
2020-12-06,78.87104415487849
2020-12-07,78.87104415487849
2020-12-08,78.87104415487849
2020-12-09,78.87104415487849
2020-12-10,78.87104415487849
2020-12-11,78.87104415487849
2020-12-12,74.32929677800554
2020-12-13,64.93807910861827
2020-12-14,50.66900341235396
2020-12-15,36.3147645130015
2020-12-16,22.71336795439684
2020-12-17,12.978406130562485
2020-12-18,7.870354886689234
2020-12-19,6.858931594582497
2020-12-20,6.858931594582497
2020-12-21,6.858931594582497
2020-12-22,6.858931594582497
2020-12-23,6.858931594582497
2020-12-24,6.858931594582497
2020-12-25,6.858931594582497
2020-12-26,6.858931594582497
2020-12-27,6.858931594582497
2020-12-28,7.87327380605154
2020-12-29,9.822687851565327
2020-12-30,12.630176177443438
2020-12-31,15.206671842280295
2021-01-01,17.558993317307557
2021-01-02,19.693959073756872
2021-01-03,21.618387582859896
2021-01-04,23.33909731584828
2021-01-05,24.86290674395369
2021-01-06,26.19663433840778
2021-01-07,27.347098570442196
2021-01-08,28.321117911288596
2021-01-09,28.912406782704817
2021-01-10,29.179780148420203
2021-01-11,29.179780148420203
2021-01-12,29.179780148420203
2021-01-13,29.179780148420203
2021-01-14,29.179780148420203
2021-01-15,29.179780148420203
2021-01-16,29.179780148420203
2021-01-17,29.179780148420203
2021-01-18,29.179780148420203
2021-01-19,29.03913352300056
2021-01-20,28.66463483549389
2021-01-21,28.029288654585233
2021-01-22,27.249018998123162
2021-01-23,26.394581518947888
2021-01-24,25.472794688291078
2021-01-25,24.49047697738438
2021-01-26,23.454446857459455
2021-01-27,22.371522799747954
2021-01-28,21.24852327548153
2021-01-29,20.092266755891846
2021-01-30,18.90957171221055
2021-01-31,17.70725661566929
2021-02-01,16.492139937499733
2021-02-02,15.271040148933528
2021-02-03,14.050775721202333
2021-02-04,12.838165125537799
2021-02-05,11.64002683317158
2021-02-06,10.463179315335333
2021-02-07,9.314441043260713
2021-02-08,8.200630488179376
2021-02-09,7.128566121322973
2021-02-10,6.105066413923164
2021-02-11,5.136949837211598
2021-02-12,4.231034862419933
2021-02-13,3.394139960779823
2021-02-14,2.6330836035229233
2021-02-15,1.954684261880888
2021-02-16,1.3657604070853722
2021-02-17,0.8731305103680302
2021-02-18,0.4836130429605175
2021-02-19,0.20673556727110654
2021-02-20,0.05884098667426366
2021-02-21,0.0048995362807254745
2021-02-22,0.003285667656161085
2021-02-23,0.003285667656161085
2021-02-24,0.003285667656161085
2021-02-25,0.003285667656161085
2021-02-26,0.003285667656161085
2021-02-27,0.003285667656161085
2021-02-28,0.003285667656161085
2021-03-01,0.003285667656161085
2021-03-02,0.004170157851177321
2021-03-03,0.005744386426566874
2021-03-04,0.007318615001956428
2021-03-05,0.008008353382329745
2021-03-06,0.007710106707501311
2021-03-07,0.007411860032672877
2021-03-08,0.007113613357844442
2021-03-09,0.007113613357844442
2021-03-10,0.007113613357844442
2021-03-11,0.007113613357844442
2021-03-12,0.007113613357844442
2021-03-13,0.007113613357844442
2021-03-14,0.007113613357844442
2021-03-15,0.0067157975751853255
2021-03-16,0.005917180703958659
2021-03-17,0.004730757980650548
2021-03-18,0.0035833209668007585
2021-03-19,0.0025228112895929094
2021-03-20,0.0015971705762106228
2021-03-21,0.00085434045383752
2021-03-22,0.000425384083390026
2021-03-23,0.00024936460119841307
2021-03-24,0.00024936460119841307
2021-03-25,0.00024936460119841307
2021-03-26,0.00024936460119841307
2021-03-27,0.00024936460119841307
2021-03-28,0.00024936460119841307
2021-03-29,0.0001662430674656087
2021-03-30,8.312153373280435e-05
2021-03-31,0.0
2021-04-01,0.0
2021-04-02,0.0007065327259099026
2021-04-03,0.002132839198826403
2021-04-04,0.005685407333075689
2021-04-05,0.009892991219245308
2021-04-06,0.013380801358408327
2021-04-07,0.014742349836238561
2021-04-08,0.014742349836238561
2021-04-09,0.014742349836238561
2021-04-10,0.014742349836238561
2021-04-11,0.014742349836238561
2021-04-12,0.014742349836238561
2021-04-13,0.014742349836238561
2021-04-14,0.012903717308033018
2021-04-15,0.00917096628949343
2021-04-16,0.0049633824033238115
2021-04-17,0.0019883456089330584
2021-04-18,0.0008677423652708867
2021-04-19,0.00022197198923874374
2021-04-20,0.0001406453160858059
2021-04-21,9.758104729234314e-05
2021-04-22,5.413812272981979e-05
2021-04-23,4.9080792102302794e-05
2021-04-24,4.266575293164774e-05
2021-04-25,3.457402392762054e-05
2021-04-26,2.4713517259968726e-05
2021-04-27,1.3430475346326967e-05
2021-04-28,4.202779035117955e-06
2021-04-29,0.0
2021-04-30,1.303968693055597e-06
2021-05-01,3.7112507474929428e-06
2021-05-02,6.1185328019302885e-06
2021-05-03,7.221846163312037e-06
2021-05-04,8.136503054835489e-06
2021-05-05,9.789159229839646e-06
2021-05-06,1.1441815404843804e-05
2021-05-07,1.2179814688324507e-05
2021-05-08,1.2179814688324507e-05
2021-05-09,1.2179814688324507e-05
2021-05-10,1.2179814688324507e-05
2021-05-11,1.2179814688324507e-05
2021-05-12,1.2179814688324507e-05
2021-05-13,1.2179814688324507e-05
2021-05-14,1.2179814688324507e-05
2021-05-15,1.2179814688324507e-05
2021-05-16,1.2179814688324507e-05
2021-05-17,1.2179814688324507e-05
2021-05-18,1.2179814688324507e-05
2021-05-19,1.2179814688324507e-05
2021-05-20,1.2179814688324507e-05
2021-05-21,1.2179814688324507e-05
2021-05-22,1.2179814688324507e-05
2021-05-23,1.2070079155038079e-05
2021-05-24,1.1514362830332257e-05
2021-05-25,1.0491993309766433e-05
2021-05-26,9.104032584001987e-06
2021-05-27,7.690051230362386e-06
2021-05-28,6.286045834294277e-06
2021-05-29,4.928012981244313e-06
2021-05-30,3.6519492566591387e-06
2021-05-31,2.493851245985406e-06
2021-06-01,1.4897155346697633e-06
2021-06-02,6.755387081588601e-07
2021-06-03,2.0007340602502123e-07
2021-06-04,0.0
2021-06-05,0.0
2021-06-06,0.0
2021-06-07,0.0
2021-06-08,0.0
2021-06-09,0.0
2021-06-10,0.0
2021-06-11,0.0
2021-06-12,0.0
2021-06-13,0.0
2021-06-14,0.0
2021-06-15,0.0
2021-06-16,0.0
2021-06-17,0.0
2021-06-18,0.0
2021-06-19,0.0
2021-06-20,0.0
2021-06-21,0.0
2021-06-22,0.0
2021-06-23,0.0
2021-06-24,0.0
2021-06-25,0.0
2021-06-26,0.0
2021-06-27,0.0
2021-06-28,0.0
2021-06-29,0.0
2021-06-30,0.0
2021-07-01,0.0
2021-07-02,0.0
2021-07-03,0.0
2021-07-04,0.0
2021-07-05,0.0
2021-07-06,0.0
2021-07-07,0.0
2021-07-08,0.0
2021-07-09,0.0
2021-07-10,0.0
2021-07-11,0.0
2021-07-12,0.0
2021-07-13,0.0
2021-07-14,0.0
2021-07-15,0.0
2021-07-16,0.0
2021-07-17,0.0
2021-07-18,0.0
2021-07-19,0.0
2021-07-20,0.0
2021-07-21,0.0
2021-07-22,0.0
2021-07-23,0.0
2021-07-24,0.0
2021-07-25,0.0
2021-07-26,0.0
2021-07-27,0.0
2021-07-28,0.0
2021-07-29,0.0
2021-07-30,0.0
2021-07-31,0.0
2021-08-01,0.0
2021-08-02,0.0
2021-08-03,0.0
2021-08-04,0.0
2021-08-05,0.0
2021-08-06,0.0
2021-08-07,0.0
2021-08-08,0.0
2021-08-09,0.0
2021-08-10,0.0
2021-08-11,0.0
2021-08-12,0.0
2021-08-13,0.0
2021-08-14,0.0
2021-08-15,0.0
2021-08-16,0.0
2021-08-17,0.0
2021-08-18,0.0
2021-08-19,0.0
2021-08-20,0.0
2021-08-21,0.0
2021-08-22,0.0
2021-08-23,0.0
2021-08-24,0.0
2021-08-25,0.0
2021-08-26,0.0
2021-08-27,0.0
2021-08-28,0.0
2021-08-29,0.0
2021-08-30,0.0
2021-08-31,0.0
2021-09-01,0.0
2021-09-02,0.0
2021-09-03,0.0
2021-09-04,0.0
2021-09-05,0.0
2021-09-06,0.0
2021-09-07,0.0
2021-09-08,0.0
2021-09-09,0.0
2021-09-10,0.0
2021-09-11,0.0
2021-09-12,0.0
2021-09-13,0.0
2021-09-14,0.0
2021-09-15,0.0
2021-09-16,0.0
2021-09-17,0.0
2021-09-18,0.0
2021-09-19,0.0
2021-09-20,0.0
2021-09-21,0.0
2021-09-22,0.0
2021-09-23,0.0
2021-09-24,0.0
2021-09-25,4.280865780980329e-12
2021-09-26,8.570877794082935e-11
2021-09-27,3.084124318715626e-10
2021-09-28,6.465308792433859e-10
2021-09-29,9.367359121975986e-10
2021-09-30,1.190053763778109e-09
2021-10-01,1.3313295055489933e-09
2021-10-02,3.527854593533577e-09
2021-10-03,1.077525177790887e-08
2021-10-04,2.5075670460417315e-08
2021-10-05,4.5576007370122563e-08
2021-10-06,6.092108362303992e-08
2021-10-07,6.92054848284117e-08
2021-10-08,6.93830243176298e-08
2021-10-09,7.820946344789618e-08
2021-10-10,8.703590257816258e-08
2021-10-11,9.568480221921084e-08
2021-10-12,9.568480221921084e-08
2021-10-13,1.0400709260576381e-07
2021-10-14,1.1269388142799329e-07
2021-10-15,1.2138067025022276e-07
2021-10-16,1.2174516868589929e-07
2021-10-17,1.2174516868589929e-07
2021-10-18,1.2138067025022276e-07
2021-10-19,1.04044981786945e-07
2021-10-20,6.346325889164525e-08
2021-10-21,2.3246034432021997e-08
2021-10-22,0.0
2021-10-23,0.0
2021-10-24,0.0
2021-10-25,0.0
2021-10-26,0.0
2021-10-27,1.0825873910118314e-07
2021-10-28,2.869764583641525e-07
2021-10-29,2.0416294791608126e-06
2021-10-30,4.637287622863362e-06
2021-10-31,4.127696867838895e-05
2021-11-01,0.00013164232748217867
2021-11-02,0.00029374879402145404
2021-11-03,0.0005107254530866183
2021-11-04,0.0007765850206129248
2021-11-05,0.0010880441294184309
2021-11-06,0.0014418194123211932
2021-11-07,0.0018346275021392702
2021-11-08,0.0022631850316907178
2021-11-09,0.0027242086337935945
2021-11-10,0.0032144149412659567
2021-11-11,0.003730520586925862
2021-11-12,0.004269242203591366
2021-11-13,0.004827296424080529
2021-11-14,0.005401399881211408
2021-11-15,0.005988269207802058
2021-11-16,0.006584621036670536
2021-11-17,0.0071871720006349005
2021-11-18,0.00779263873251321
2021-11-19,0.00839773786512352
2021-11-20,0.008999186031283888
2021-11-21,0.009593699863812371
2021-11-22,0.010177995995527026
2021-11-23,0.010748791059245913
2021-11-24,0.011302801687787087
2021-11-25,0.011836744513968605
2021-11-26,0.012347336170608526
2021-11-27,0.012831293290524903
2021-11-28,0.013285332506535796
2021-11-29,0.013706170451459262
2021-11-30,0.014014867476037298
2021-12-01,0.014218091487727463
2021-12-02,0.01433331807337083
2021-12-03,0.01443053546220434
2021-12-04,0.014542804887593361
2021-12-05,0.014643681015692309
2021-12-06,0.014808427251861026
2021-12-07,0.014942504777207391
2021-12-08,0.015096827837862778
2021-12-09,0.015216977704792753
2021-12-10,0.015317573125327185
2021-12-11,0.015368831146428992
2021-12-12,0.015395706293937717
2021-12-13,0.01591167176595949
2021-12-14,0.0171704645331384
2021-12-15,0.019355964175202012
2021-12-16,0.0222006031464832
2021-12-17,0.025629185011775968
2021-12-18,0.02959338848338304
2021-12-19,0.03404489227360714
2021-12-20,0.038935375094751
2021-12-21,0.044216515659117335
2021-12-22,0.0498399926790089
2021-12-23,0.05575748486672837
2021-12-24,0.061920670934578516
2021-12-25,0.06828122959486206
2021-12-26,0.07479083955988171
2021-12-27,0.08140117954194022
2021-12-28,0.08806392825334025
2021-12-29,0.09473076440638462
2021-12-30,0.10135336671337598
2021-12-31,0.10788341388661711
2022-01-01,0.11427258463841068
2022-01-02,0.12047255768105947
2022-01-03,0.1264350117268662
2022-01-04,0.13211162548813357
2022-01-05,0.1374540776771643
2022-01-06,0.14241404700626115
2022-01-07,0.1469432121877268
2022-01-08,0.14981368522752717
2022-01-09,0.15116906750820594
2022-01-10,0.15116906750820594
2022-01-11,0.15116906750820594
2022-01-12,0.15116906750820594
2022-01-13,0.15116906750820594
2022-01-14,0.15116906750820594
2022-01-15,0.15116906750820594
2022-01-16,0.15116906750820594
2022-01-17,0.15116906750820594
2022-01-18,0.1509308835913066
2022-01-19,0.14887522673364315
2022-01-20,0.14463299621008455
2022-01-21,0.13808089300534354
2022-01-22,0.13053924055941624
2022-01-23,0.12224441625072653
2022-01-24,0.11355142190191546
2022-01-25,0.10483898422446745
2022-01-26,0.09648582992986694
2022-01-27,0.0888706857295984
2022-01-28,0.08237227833514622
2022-01-29,0.07845433308650408
2022-01-30,0.07674460438173314
2022-01-31,0.07674460438173314
2022-02-01,0.07674460438173314
2022-02-02,0.07674460438173314
2022-02-03,0.07674460438173314
2022-02-04,0.07674460438173314
2022-02-05,0.07674460438173314
2022-02-06,0.07674460438173314
2022-02-07,0.07674460438173314
2022-02-08,0.07674460438173314
2022-02-09,0.07674460438173314
2022-02-10,0.07674460438173314
2022-02-11,0.07693391145134806
2022-02-12,0.07781064440463055
2022-02-13,0.08464937500165205
2022-02-14,0.1003483985455849
2022-02-15,0.12626400872660185
2022-02-16,0.15774285642029498
2022-02-17,0.19108537202097872
2022-02-18,0.22259198592296736
2022-02-19,0.24477790629958732
2022-02-20,0.25613171894610254
2022-02-21,0.26212148279813713
2022-02-22,0.2681653509817949
2022-02-23,0.2743244919228787
2022-02-24,0.27716311460214554
2022-02-25,0.27774309131874264
2022-02-26,0.2796558990815226
2022-02-27,0.2951578753851829
2022-02-28,0.36333485204690613
2022-03-01,0.49558811417587756
2022-03-02,0.6289105763852555
2022-03-03,0.7095580382365707
2022-03-04,0.7245999506236166
2022-03-05,0.7245999506236166
2022-03-06,0.7245999506236166
2022-03-07,0.7245999506236166
2022-03-08,0.7245999506236166
2022-03-09,0.7245999506236166
2022-03-10,0.7245999506236166
2022-03-11,0.7245999506236166
2022-03-12,0.7245999506236166
2022-03-13,0.6894719011465261
2022-03-14,0.6135575191800874
2022-03-15,0.49471814950411414
2022-03-16,0.3694628141675826
2022-03-17,0.24835039654670754
2022-03-18,0.14193978001770416
2022-03-19,0.062131188337319836
2022-03-20,0.018426749729290287
2022-03-21,0.0021434190597280065
2022-03-22,0.0008020786791955533
2022-03-23,0.0
2022-03-24,0.0
2022-03-25,0.0
2022-03-26,0.0
2022-03-27,0.0
2022-03-28,0.0
2022-03-29,0.0
2022-03-30,0.0
2022-03-31,0.0
2022-04-01,0.0
2022-04-02,0.0
2022-04-03,0.0
2022-04-04,0.0
2022-04-05,0.0
2022-04-06,0.0
2022-04-07,0.0
2022-04-08,0.0
2022-04-09,0.0
2022-04-10,0.0
2022-04-11,0.0
2022-04-12,0.0
2022-04-13,0.0
2022-04-14,0.0
2022-04-15,0.0
2022-04-16,0.0
2022-04-17,0.0
2022-04-18,0.0
2022-04-19,0.0
2022-04-20,0.0
2022-04-21,5.522754311393866e-11
2022-04-22,1.1045508622787732e-10
2022-04-23,1.6568262934181595e-10
2022-04-24,1.8128220024103446e-10
2022-04-25,1.9688177114025296e-10
2022-04-26,2.1248134203947147e-10
2022-04-27,2.1248134203947147e-10
2022-04-28,2.1248134203947147e-10
2022-04-29,2.1248134203947147e-10
2022-04-30,2.1248134203947147e-10
2022-05-01,2.1248134203947147e-10
2022-05-02,1.9688177114025296e-10
2022-05-03,1.7479075389467753e-10
2022-05-04,1.3153606888157758e-10
2022-05-05,8.663785100343238e-11
2022-05-06,3.880948114259386e-11
2022-05-07,1.2144779049279825e-11
2022-05-08,2.7231807202295736e-12
2022-05-09,2.4026392674416294e-12
2022-05-10,1.5261104181424244e-12
2022-05-11,6.207935923672118e-13
2022-05-12,3.360813841196483e-14
2022-05-13,2.4100809679784794e-15
2022-05-14,0.0
2022-05-15,0.0
2022-05-16,0.0
2022-05-17,0.0
2022-05-18,0.0
2022-05-19,0.0
2022-05-20,0.0
2022-05-21,0.0
2022-05-22,0.0
2022-05-23,0.0
2022-05-24,0.0
2022-05-25,0.0
2022-05-26,0.0
2022-05-27,0.0
2022-05-28,0.0
2022-05-29,0.0
2022-05-30,0.0
2022-05-31,0.0
2022-06-01,0.0
2022-06-02,0.0
2022-06-03,0.0
2022-06-04,0.0
2022-06-05,0.0
2022-06-06,0.0
2022-06-07,0.0
2022-06-08,0.0
2022-06-09,0.0
2022-06-10,0.0
2022-06-11,0.0
2022-06-12,0.0
2022-06-13,0.0
2022-06-14,0.0
2022-06-15,0.0
2022-06-16,0.0
2022-06-17,0.0
2022-06-18,0.0
2022-06-19,0.0
2022-06-20,0.0
2022-06-21,0.0
2022-06-22,0.0
2022-06-23,0.0
2022-06-24,0.0
2022-06-25,1.13803337446031e-20
2022-06-26,2.27606674892062e-20
2022-06-27,2.27606674892062e-20
2022-06-28,1.13803337446031e-20
2022-06-29,0.0
2022-06-30,1.13803337446031e-20
2022-07-01,2.27606674892062e-20
2022-07-02,2.27606674892062e-20
2022-07-03,1.13803337446031e-20
2022-07-04,0.0
2022-07-05,0.0
2022-07-06,0.0
2022-07-07,0.0
2022-07-08,0.0
2022-07-09,0.0
2022-07-10,0.0
2022-07-11,0.0
2022-07-12,0.0
2022-07-13,0.0
2022-07-14,0.0
2022-07-15,0.0
2022-07-16,0.0
2022-07-17,0.0
2022-07-18,0.0
2022-07-19,0.0
2022-07-20,0.0
2022-07-21,0.0
2022-07-22,0.0
2022-07-23,0.0
2022-07-24,0.0
2022-07-25,0.0
2022-07-26,0.0
2022-07-27,0.0
2022-07-28,0.0
2022-07-29,0.0
2022-07-30,0.0
2022-07-31,0.0
2022-08-01,0.0
2022-08-02,0.0
2022-08-03,0.0
2022-08-04,0.0
2022-08-05,0.0
2022-08-06,0.0
2022-08-07,0.0
2022-08-08,0.0
2022-08-09,0.0
2022-08-10,0.0
2022-08-11,0.0
2022-08-12,0.0
2022-08-13,0.0
2022-08-14,0.0
2022-08-15,0.0
2022-08-16,0.0
2022-08-17,0.0
2022-08-18,0.0
2022-08-19,0.0
2022-08-20,0.0
2022-08-21,0.0
2022-08-22,0.0
2022-08-23,0.0
2022-08-24,0.0
2022-08-25,3.9942129729778317e-07
2022-08-26,1.2187830599173468e-06
2022-08-27,2.058663990560907e-06
2022-08-28,2.6988342725555754e-06
2022-08-29,0.00011666824205050101
2022-08-30,0.00040079068531547124
2022-08-31,0.0008899998519324184
2022-09-01,0.001378998249036174
2022-09-02,0.0017270767549939896
2022-09-03,0.0019472041625712862
2022-09-04,0.002091061733949358
2022-09-05,0.002244770292613955
2022-09-06,0.002459466767999016
2022-09-07,0.0026368946711352215
2022-09-08,0.0027752179234757936
2022-09-09,0.0027752179234757936
2022-09-10,0.0027752179234757936
2022-09-11,0.0027752179234757936
2022-09-12,0.0027752179234757936
2022-09-13,0.0026368946711352215
2022-09-14,0.002459466767999016
2022-09-15,0.0021674349569938476
2022-09-16,0.001984472734820142
2022-09-17,0.0018406151634420703
2022-09-18,0.0016122838434759867
2022-09-19,0.0014056815361774323
2022-09-20,0.0011886528267178618
2022-09-21,0.0011425113603136443
2022-09-22,0.0010942746621827452
2022-09-23,0.0010044112881525758
2022-09-24,0.0009290858469919923
2022-09-25,0.0008163533696579029
2022-09-26,0.0006919847107736648
2022-09-27,0.0005743341831382508
2022-09-28,0.0004495622644576352
2022-09-29,0.0003884796053874546
2022-09-30,0.0003343312956004863
2022-10-01,0.0003343312956004863
2022-10-02,0.00028147169794744516
2022-10-03,0.0001895920249353882
2022-10-04,8.10128210977094e-05
2022-10-05,2.4740176110140492e-05
2022-10-06,7.437922807673846e-06
2022-10-07,5.679439051052954e-06
2022-10-08,3.40443428751261e-06
2022-10-09,1.1791131978859064e-06
2022-10-10,1.0955338803525057e-07
2022-10-11,1.0955338803525057e-07
2022-10-12,1.0955338803525057e-07
2022-10-13,1.0955338803525057e-07
2022-10-14,1.0955338803525057e-07
2022-10-15,1.0955338803525057e-07
2022-10-16,1.0955338803525057e-07
2022-10-17,1.0816188189525e-07
2022-10-18,7.164408588349981e-08
2022-10-19,3.512628987174962e-08
2022-10-20,0.0
2022-10-21,3.512628987174962e-08
2022-10-22,7.164408588349981e-08
2022-10-23,2.131439326266835e-07
2022-10-24,4.535148395877143e-07
2022-10-25,7.296575271183562e-07
2022-10-26,9.872185712941923e-07
2022-10-27,1.168812864096758e-06
2022-10-28,1.3288943541947476e-06
2022-10-29,2.668877903052721e-06
2022-10-30,6.865524320222306e-06
2022-10-31,1.5077305161186195e-05
2022-11-01,2.711010229810468e-05
2022-11-02,4.231250099789874e-05
2022-11-03,6.0505828501129766e-05
2022-11-04,8.151141204835912e-05
2022-11-05,0.00010515057888014818
2022-11-06,0.00013124465623705835
2022-11-07,0.00015961497135965092
2022-11-08,0.00019008285148848733
2022-11-09,0.000222469623864129
2022-11-10,0.00025659661572713724
2022-11-11,0.0002922851543180734
2022-11-12,0.0003293565668774988
2022-11-13,0.0003676321806459751
2022-11-14,0.00040693332286406334
2022-11-15,0.000447081320772325
2022-11-16,0.00048789750161132165
2022-11-17,0.0005292031926216143
2022-11-18,0.0005708197210437646
2022-11-19,0.0006125684141183339
2022-11-20,0.0006542705990858834
2022-11-21,0.0006957476031869747
2022-11-22,0.0007368207536621691
2022-11-23,0.000777311377752028
2022-11-24,0.0008170408026971126
2022-11-25,0.0008558303557379843
2022-11-26,0.0008935013641152047
2022-11-27,0.0009298751550693351
2022-11-28,0.0009647730558409368
2022-11-29,0.0009980163936705712
2022-11-30,0.0010294264957987995
2022-12-01,0.0010588246894661835
2022-12-02,0.0010860323019132839
2022-12-03,0.001110870660380663
2022-12-04,0.0011331610921088812
2022-12-05,0.0011471522184858132
2022-12-06,0.0011536933484245129
2022-12-07,0.0011536933484245129
2022-12-08,0.0011536933484245129
2022-12-09,0.0011536933484245129
2022-12-10,0.0011536933484245129
2022-12-11,0.0011536933484245129
2022-12-12,0.0011536933484245129
2022-12-13,0.0011536933484245129
2022-12-14,0.0011536933484245129
2022-12-15,0.0011486271190478804
2022-12-16,0.0011345501298701472
2022-12-17,0.0011097792657675462
2022-12-18,0.0010776380834064628
2022-12-19,0.0010402688829146396
2022-12-20,0.0009974929915326381
2022-12-21,0.0009491317365010193
2022-12-22,0.0008950064450603449
2022-12-23,0.0008349384444511762
2022-12-24,0.0007687490619140746
2022-12-25,0.0006962596246896012
2022-12-26,0.0006172914600183176
2022-12-27,0.0005316658951407855
2022-12-28,0.0004392042572975657
2022-12-29,0.0003397278737292198
2022-12-30,0.00027105218357978736
2022-12-31,0.00023551543542431048
2023-01-01,0.00023551543542431048
2023-01-02,0.00023551543542431048
2023-01-03,0.00023551543542431048
2023-01-04,0.00023551543542431048
2023-01-05,0.00023551543542431048
2023-01-06,0.00023551543542431048
2023-01-07,0.00023551543542431048
2023-01-08,0.00023551543542431048
2023-01-09,0.00026834916207548555
2023-01-10,0.00044425740462871355
2023-01-11,0.0007902164836354365
2023-01-12,0.0012956096694379234
2023-01-13,0.0018676538462207412
2023-01-14,0.002492071043309894
2023-01-15,0.0031545832900313855
2023-01-16,0.00384091261571122
2023-01-17,0.004536781049675402
2023-01-18,0.005227910621249936
2023-01-19,0.005900023359760823
2023-01-20,0.006538841294534071
2023-01-21,0.0069520352086176905
2023-01-22,0.007150703369924227
2023-01-23,0.007218166269349884
2023-01-24,0.0072856291687755405
2023-01-25,0.0074636804150535335
2023-01-26,0.0076853509641423776
2023-01-27,0.007948614318686162
2023-01-28,0.008217916242960983
2023-01-29,0.008382048493962834
2023-01-30,0.008592232499354108
2023-01-31,0.008691760717899887
2023-02-01,0.008827395628328084
2023-02-02,0.008878962796677206
2023-02-03,0.00928933738311097
2023-02-04,0.010919793862733037
2023-02-05,0.013907005605661884
2023-02-06,0.01771392477798837
2023-02-07,0.02099330563875912
2023-02-08,0.02292291697530494
2023-02-09,0.0236680423346306
2023-02-10,0.0271749490080405
2023-02-11,0.03753204257453196
2023-02-12,0.056825762087051035
2023-02-13,0.08234711108786695
2023-02-14,0.11023050306517866
2023-02-15,0.1366103515071852
2023-02-16,0.15760914576960292
2023-02-17,0.1693851476055961
2023-02-18,0.1737399911633495
2023-02-19,0.18832134415864143
2023-02-20,0.20290269715393336
2023-02-21,0.21747212601674257
2023-02-22,0.21747212601674257
2023-02-23,0.21747212601674257
2023-02-24,0.21747212601674257
2023-02-25,0.21747212601674257
2023-02-26,0.21747212601674257
2023-02-27,0.21747212601674257
2023-02-28,0.21747212601674257
2023-03-01,0.21747212601674257
2023-03-02,0.21217441761598588
2023-03-03,0.2011828782361262
2023-03-04,0.18419675964024596
2023-03-05,0.16630839633361297
2023-03-06,0.1478039113405132
2023-03-07,0.12896942768523267
2023-03-08,0.11009106839205729
2023-03-09,0.09145495648527309
2023-03-10,0.07334721498916606
2023-03-11,0.05605396692802217
2023-03-12,0.04234487973609211
2023-03-13,0.03194845560172153
2023-03-14,0.024776632789797557
2023-03-15,0.017883620395843767
2023-03-16,0.011595916008544668
2023-03-17,0.005634709209930078
2023-03-18,0.0018782364033100261
2023-03-19,0.0
2023-03-20,0.0
2023-03-21,0.0
2023-03-22,
